customer_id,first_name,last_name,email,street,city,state,country
0,Senal,Ortega,sarahbruce@example.org,2678 Mccarthy Loaf,Rodriguezfort,Tennessee,Luxembourg
1,Matthew,Mccarthy,qfriedman@example.net,3205 Kaitlyn Manors,Markberg,Illinois,Grenada
2,Gary,Mitchell,crystal92@example.com,99032 Juan Fords,Allenside,Oregon,Yemen
3,Jennifer,Bowen,gutierrezsarah@example.net,0191 Perez Summit Suite 376,Emilyburgh,Indiana,Hong Kong
4,Stephanie,Mills,rpeterson@example.net,085 Stanley Point Suite 830,Port Benjaminstad,Hawaii,Fiji
5,Dustin,Hernandez,nicolefitzgerald@example.org,96432 Clay Shore Apt. 224,Payneberg,Washington,Haiti
6,Andrea,Nguyen,zmoreno@example.net,445 Heather Terrace Suite 240,Douglaschester,Michigan,Mozambique
7,Rachel,Roberts,royjennifer@example.org,0506 Mullins Port,South Timothyport,West Virginia,Malaysia
8,Kayla,Gonzalez,alannguyen@example.com,71377 Heather Loaf,Weissfort,Vermont,Macao
9,Cynthia,Strickland,dawnsmith@example.com,0424 Burton Radial,Parkerside,Alaska,Guernsey
10,Steven,Leonard,dennis49@example.org,64385 Daniel Orchard,Costabury,Alaska,Turkey
11,Zachary,Martin,egeorge@example.org,432 Boyd Trail,North Austinborough,South Dakota,Falkland Islands (Malvinas)
12,Alyssa,White,fsnyder@example.com,36027 Cody Shoal Suite 090,Seanport,Montana,New Caledonia
13,Tyler,Johnson,ochoagina@example.net,4425 Gill Crescent,West Ashleybury,South Carolina,Thailand
14,Jenna,Nelson,tayala@example.org,816 Cole Brooks,North Brenda,Vermont,Tajikistan
15,Jennifer,Vasquez,omyers@example.com,8010 Roger Rue Suite 555,New Jacqueline,West Virginia,Thailand
16,John,Lewis,brandon34@example.net,3368 Terrell Streets Apt. 158,South Juliehaven,Nebraska,Tajikistan
17,Regina,Scott,paul38@example.org,1515 Rachael Freeway Apt. 438,Lake Darlene,Oklahoma,China
18,Linda,Harris,dodsonkayla@example.net,17678 Alexander Creek,Collinsside,Georgia,Jamaica
19,Stephen,Moran,cprice@example.com,23009 Maynard Mill,Melanieland,New Jersey,Marshall Islands
20,William,Hooper,karen38@example.com,974 Hill Estate,Higginschester,Colorado,Tajikistan
21,Todd,Whitney,davisricardo@example.net,306 Nicholas Neck Suite 313,Jefferyland,Florida,Reunion
22,John,Mclaughlin,iwarren@example.com,7723 Ross Islands,East Timothy,Wyoming,Sierra Leone
23,Patricia,Hansen,vargascindy@example.net,7661 Daniel Forest,Lake Kelly,Montana,Andorra
24,David,Marks,hoalec@example.org,3920 Romero Underpass Apt. 519,Mcbridehaven,Arizona,Zambia
25,Brent,Garza,sarahhudson@example.org,714 George Path,Fletcherville,Wyoming,Seychelles
26,Alan,Taylor,williamsscott@example.net,2026 Keith Falls Apt. 393,Robertsville,New Hampshire,Antigua and Barbuda
27,Benjamin,Chapman,pettypatrick@example.org,30056 Benjamin Bypass Apt. 070,East Jesse,New Mexico,Oman
28,Heidi,Webster,edward26@example.net,84931 Andrea Rest Apt. 890,North Stevenmouth,Michigan,Netherlands Antilles
29,Jessica,Cannon,melendezjeffrey@example.org,910 Thomas Lake Suite 674,Lisahaven,Arizona,Slovenia
30,Sandra,Edwards,hholmes@example.com,9975 Elizabeth Mill,Nicoleburgh,Illinois,Malawi
31,Mary,White,bscott@example.com,1275 Lopez Spur,Jameshaven,North Dakota,Saint Helena
32,Regina,Moore,lkline@example.com,378 Johnson Manors,West Patrickborough,Wyoming,Russian Federation
33,Stephanie,Roman,julieanderson@example.net,5004 Burgess Lake,Lopeztown,Vermont,Mexico
34,Debra,Crawford,whinton@example.net,392 Patterson Point Apt. 626,East Charles,Vermont,Austria
35,James,Mora,steven22@example.net,62311 Curtis Canyon Apt. 921,Nelsonshire,Idaho,Palestinian Territory
36,Benjamin,Trujillo,michael23@example.com,1638 Richard Fork,South Robert,Alaska,Saint Kitts and Nevis
37,Ashley,Warner,mossveronica@example.com,5114 Fry Pike,Jenniferview,Pennsylvania,Heard Island and McDonald Islands
38,Teresa,Blackwell,sherrymolina@example.org,1953 Jackson Island Suite 317,South Jennifer,California,Ukraine
39,Carlos,Nguyen,mullenmarissa@example.com,9332 Miguel Lakes Suite 651,Dyerfurt,South Dakota,Saudi Arabia
40,Susan,Henderson,ifisher@example.net,36095 Jeffrey Ville,Lake Roberttown,North Dakota,Guinea
41,Patricia,Diaz,jeremysanchez@example.com,33406 Wilkerson Shoals Suite 168,Russellmouth,Illinois,Bahrain
42,Katelyn,Aguilar,davidmoore@example.net,43690 Debra Meadow Apt. 874,New Ashley,Hawaii,Norway
43,Eric,Wallace,nancy35@example.org,9746 Eric Valley Suite 899,West Cynthiaside,Kansas,Tonga
44,Jonathan,Padilla,ericallen@example.com,739 Mike Mountains Apt. 617,Mooreview,Alabama,Sweden
45,Clinton,Tanner,wallen@example.org,56160 Ramos Keys,Markview,Massachusetts,Gibraltar
46,Stephanie,Barrett,dakota95@example.org,13484 Carol Spurs Suite 598,North Nancyburgh,Oklahoma,Israel
47,Jamie,Lee,nelsonsheryl@example.org,87209 Jones Station,East Gary,Indiana,Andorra
48,Ashley,Carpenter,nicole44@example.com,43596 Kristi Valleys Apt. 975,Stephaniefurt,Colorado,Djibouti
49,Eric,Lane,alex39@example.org,21790 Pace Rapids Apt. 305,Brittanyland,Minnesota,Sierra Leone
50,Mark,Hart,buckbrandon@example.org,773 Jackie Falls Apt. 645,Allenfort,Oklahoma,Hong Kong
51,Jenna,Cohen,annetteglenn@example.org,7886 Molly Points Suite 231,Barkerfurt,Kansas,Colombia
52,Sean,Pearson,desireeknapp@example.net,16515 Carolyn Shore,Amandamouth,New Hampshire,Vanuatu
53,Mary,Wagner,plee@example.net,294 Delgado Unions,West Brian,Georgia,Gibraltar
54,Teresa,Hernandez,jeremiahcook@example.org,1430 James Cape Apt. 512,East Mikeshire,North Dakota,United States Virgin Islands
55,Cynthia,Austin,ianderson@example.com,93524 Walker Coves,Adamsstad,Florida,Cambodia
56,Kimberly,Williams,ccoleman@example.org,821 Hannah Turnpike,South Dakota,Nevada,Uruguay
57,Allen,Murphy,rcunningham@example.com,064 Elizabeth Vista Apt. 245,West Juliachester,Alabama,Philippines
58,Mallory,Clark,charleneroberts@example.net,94739 Tanya Isle,South Tylerton,Idaho,Burundi
59,Tracey,Hardin,emunoz@example.org,793 Meadows Vista Suite 225,Nicoleshire,Wisconsin,Guatemala
60,Rachel,Osborne,paul50@example.net,449 Jessica Valleys,Port Daniel,New Jersey,Heard Island and McDonald Islands
61,Walter,Scott,taylormitchell@example.com,63353 Scott Ports Apt. 625,Brownland,Tennessee,Mali
62,Angela,Smith,garciamichael@example.org,388 David Extensions,South Susanmouth,New Mexico,Dominica
63,Heather,Phillips,maddencharles@example.net,507 Salazar Grove,Rhondatown,Florida,Paraguay
64,Ernest,King,carsonsuzanne@example.org,059 Dana Extension,Moniquehaven,Minnesota,Kuwait
65,Michael,Rogers,oscarhughes@example.com,03879 Brown River Apt. 877,Gonzalezstad,New York,Monaco
66,David,Santos,davidpotts@example.com,6399 Thompson Groves,New Bradyville,New Mexico,Kuwait
67,Andrew,Webb,allisonross@example.com,38278 Brent Brooks,East Traceyport,Rhode Island,Western Sahara
68,Jessica,Chapman,nicolethornton@example.org,8671 Lisa Track Suite 787,Bryanmouth,Ohio,Turkmenistan
69,Jennifer,Hunter,danaford@example.com,3965 Schwartz Fork,Port Kristin,Minnesota,Denmark
70,Tina,Reed,pagebenjamin@example.com,34084 Miller Crossing,Lake Jessica,New Mexico,Vanuatu
71,Scott,Terry,eatonjennifer@example.org,4896 Martin Underpass Apt. 220,West Nathanieltown,Florida,Iraq
72,Elaine,Vega,jessicajones@example.net,781 Wood Locks Suite 483,West Amymouth,New Mexico,Heard Island and McDonald Islands
73,David,Fischer,smithlisa@example.net,6056 Oconnor Lodge,North Lindseychester,New Mexico,Congo
74,Brittany,Stokes,andrewgallegos@example.org,32981 Salas Ferry Suite 542,Lake Danaton,Alabama,Guinea
75,David,Myers,kristenjohnston@example.net,913 Burns Turnpike Suite 555,Christianland,Pennsylvania,Thailand
76,James,Santos,palmeranthony@example.org,56647 Donald Haven,Laceyville,Oklahoma,Kyrgyz Republic
77,Sarah,Galvan,cwebb@example.net,81160 Durham Springs,Port Paul,California,France
78,Richard,Hernandez,larcher@example.com,390 Noah Square,North Nicholasview,Oklahoma,Pakistan
79,Patricia,Espinoza,emelton@example.com,49641 Morales Harbors Apt. 700,Brandistad,Pennsylvania,Cayman Islands
80,Robert,Torres,terryamanda@example.com,970 Baker Ford,Kathleenland,Colorado,France
81,William,Davis,linda38@example.net,73681 Stephanie Brooks Suite 880,Lake Dennischester,Virginia,Djibouti
82,Stephanie,Gonzalez,danrogers@example.net,56775 Quinn Forges Suite 279,Lake Chelseamouth,Florida,Liechtenstein
83,Alexander,Cooke,bowencrystal@example.org,1414 Hernandez Prairie Suite 807,Millerland,North Dakota,Japan
84,Roger,Ball,hughesjocelyn@example.net,92003 Anderson Plains Apt. 777,Scottport,California,United States Virgin Islands
85,John,Carter,ttaylor@example.com,7485 Baker Fall Apt. 472,Adamsland,Utah,Japan
86,Wendy,Aguirre,kzuniga@example.org,222 Jonathan Burg Suite 395,Avilafort,Nebraska,Congo
87,Jason,Bullock,smithmary@example.org,17564 William Ridges,Jacksonton,Florida,Lithuania
88,Daniel,Ortega,hherman@example.org,78606 Phillips Flat Apt. 152,Lucaston,Florida,Suriname
89,Diana,Lawson,jimenezsamantha@example.net,9331 Brian Heights,Wigginshaven,Louisiana,Burkina Faso
90,Heather,Peterson,zgreene@example.com,893 Jorge Viaduct,Port Andrewport,Utah,Estonia
91,Jason,Holloway,katelyn41@example.org,648 Alexis Drives,Ericmouth,Michigan,Vietnam
92,Christian,Rasmussen,jeffreyshaffer@example.org,91667 Brandon Trail,West Melindashire,West Virginia,Oman
93,Anna,Harris,ohernandez@example.com,69029 Mcdonald Points,Kristenview,Connecticut,Lithuania
94,Amy,Hahn,zrogers@example.net,8514 Price Point,South Tonya,West Virginia,Kyrgyz Republic
95,Chad,Smith,meganosborn@example.com,9273 Lance Unions,South Nicole,Maryland,Iraq
96,Peter,Hernandez,bethany32@example.com,834 Jennings Circles,East Brittany,Idaho,Germany
97,Joshua,Osborne,uvillegas@example.com,31886 Douglas Ridge Apt. 984,Brownberg,Georgia,Grenada
98,Patrick,Wright,saratorres@example.org,0835 Cox Harbors Suite 360,Lake Wesleyton,Florida,Luxembourg
99,Wendy,Bush,leslierios@example.com,110 Smith Heights,West John,West Virginia,Malawi
100,Thomas,Frazier,david54@example.net,312 Margaret Ferry Suite 121,North Johnny,Oregon,Oman
101,Tiffany,Castro,daniellecameron@example.org,218 Morales Knoll Suite 166,New Matthewport,Georgia,Japan
102,Ashley,Massey,rkhan@example.org,3384 Christian Park Apt. 272,Lake Deanna,Maryland,Holy See (Vatican City State)
103,Nicole,Hughes,jessica16@example.net,9645 Garrett Spring,South Kevinville,Maryland,Ireland
104,Richard,Rodriguez,kyle23@example.com,2256 Lee Motorway,New Ricky,Vermont,Uzbekistan
105,Jason,Cunningham,jboyd@example.com,25767 James Mount Suite 228,North Gregory,Pennsylvania,Uganda
106,Bonnie,Garcia,shepherdkaren@example.org,53920 Bell Radial Suite 842,Port Kevin,Louisiana,Cuba
107,Donna,Pierce,briggssuzanne@example.net,7530 Melissa Isle,New Lindseyland,Georgia,Croatia
108,Miranda,Oliver,wthompson@example.net,6590 Jeremy Stream,New Jeremy,Delaware,Australia
109,Justin,Simpson,tomdavis@example.net,93564 Amy Square Suite 298,Port Jamesview,Nevada,Saint Kitts and Nevis
110,Rebecca,Stanton,brent34@example.org,35523 Lindsay Avenue Apt. 599,Port Jeffreychester,Maine,Guinea-Bissau
111,Clayton,Wilson,albertjackson@example.net,96851 Kelly Mountain Apt. 421,New Danaport,Montana,United States Virgin Islands
112,Monica,Maldonado,wgoodwin@example.org,659 Victoria Harbor,New Anaville,Wisconsin,United States of America
113,Shawn,Robbins,whester@example.com,2288 Sara Freeway Suite 294,East Michele,Mississippi,Uruguay
114,Hector,Taylor,suzanne54@example.org,331 Brianna Parks,Zacharychester,Oregon,Wallis and Futuna
115,Jerry,Green,zwalsh@example.com,4724 Robert Manor,Sarahburgh,New Hampshire,Luxembourg
116,Karen,Spencer,barnettrichard@example.org,747 Robinson Cape,Hoffmanburgh,Nebraska,French Polynesia
117,Jill,Hines,khines@example.org,397 Mathew Highway,Lake John,Mississippi,Mauritania
118,Samantha,Mcdonald,moorechristine@example.org,76473 Powers Shoal Apt. 283,North Michelle,Texas,South Africa
119,Mark,Rodriguez,schmidtchristy@example.net,3585 Ford Terrace,Riverastad,Tennessee,French Southern Territories
120,Christian,Mitchell,kmcmahon@example.org,9416 William Place,Danielschester,West Virginia,Bangladesh
121,Kyle,Ramos,renee23@example.com,2418 Michael Run Suite 800,Tinaside,Indiana,Kenya
122,Douglas,Gonzalez,skinnerpatrick@example.com,43533 Anthony Springs Suite 315,Williamborough,South Dakota,Denmark
123,Jose,Garcia,ahill@example.org,47953 Brian Green,Markberg,Connecticut,Ethiopia
124,Lori,Sampson,danielibarra@example.com,769 Vazquez Island Apt. 011,West Roy,Montana,Hungary
125,Joshua,Swanson,gmckinney@example.com,9952 Yvonne Forest Suite 817,New Timothy,Maine,Kazakhstan
126,Connor,Olsen,qgarrett@example.net,3147 Robin Ports,Stephenfort,Nebraska,Kazakhstan
127,Debra,Parker,heather55@example.org,7455 Michael Radial Apt. 340,Millerbury,Pennsylvania,Saint Lucia
128,Paul,Brown,seanpowell@example.org,168 Wiley Ridge,Lewischester,Texas,Holy See (Vatican City State)
129,Ricky,Martinez,perezcarla@example.net,9508 Samuel Isle Apt. 184,Krystaltown,Arkansas,Paraguay
130,Joel,Wolf,douglasguzman@example.net,08061 Donaldson Fort Apt. 302,North Alejandroberg,Arkansas,Ghana
131,Sierra,Fernandez,amandamiller@example.com,341 Miller Fields,Kathleenfort,Wyoming,Kiribati
132,Andrew,Harris,sethdeleon@example.org,416 Leblanc Shoal Apt. 311,West Stephanieshire,Connecticut,Slovakia (Slovak Republic)
133,James,Johnson,wbaxter@example.com,9335 Oliver Street,Lake Martin,Nevada,Jamaica
134,Peter,Lloyd,xmayer@example.com,753 Timothy Fork,West Veronicashire,Delaware,Trinidad and Tobago
135,Norma,Graham,icook@example.com,38654 Kevin Mountain,Autumnmouth,West Virginia,Saint Martin
136,Alyssa,Massey,antonio59@example.org,29670 Bradley Mall Suite 947,South Stevenside,Kentucky,Haiti
137,Amber,Jones,markmoreno@example.org,48438 Cross Forks Suite 100,Lake Vanessa,Minnesota,Timor-Leste
138,Brian,Garrett,zcampbell@example.org,302 Escobar Parks,Port Cindyport,New Mexico,Guinea
139,Matthew,Sullivan,roger22@example.net,9555 Diana Place Suite 039,Lake Cassidy,South Carolina,Bouvet Island (Bouvetoya)
140,James,Roberts,jsanchez@example.org,1704 Perez Motorway Suite 017,Jenniferhaven,West Virginia,French Southern Territories
141,Catherine,Pittman,johnsonjennifer@example.com,366 Freeman Islands Suite 219,North Cynthiaburgh,South Carolina,Cambodia
142,Tyler,Smith,hamiltonrebecca@example.org,079 Reed Square Apt. 380,Samanthaport,Missouri,Burkina Faso
143,James,Patterson,brendacox@example.org,44921 Jamie Rest Suite 049,East Gabrielfort,Hawaii,Malta
144,Steven,Martinez,mlynch@example.com,978 Zimmerman Stream,Port Donaldfurt,Arizona,Colombia
145,Deborah,Christian,nfranklin@example.net,2732 John Passage Suite 625,Dustinmouth,Minnesota,Poland
146,Christine,Burch,david85@example.net,990 Miller Walks Suite 197,New Raymond,Washington,Djibouti
147,Brandon,Gallagher,hbaldwin@example.com,015 Nguyen Ford Suite 891,South Ashley,Tennessee,Isle of Man
148,Richard,Warner,johnsonronald@example.org,7008 Derrick Circles Apt. 655,New Danielmouth,Colorado,Austria
149,Tara,Good,manuel14@example.com,2001 James Walks Suite 021,South Karaland,Michigan,Congo
150,Douglas,Cochran,haley12@example.org,7489 Lewis Path Apt. 039,West Jamesshire,Illinois,Syrian Arab Republic
151,Loretta,Mcbride,diana73@example.org,5960 Jeffrey Islands Apt. 254,East Anna,Alaska,Bosnia and Herzegovina
152,Edward,Martin,gomezcameron@example.net,21283 Cox Roads Apt. 336,Port Andrew,Massachusetts,Sweden
153,Cindy,Martin,stevenhicks@example.org,080 Shawn Drive,Reynoldsburgh,Pennsylvania,French Polynesia
154,Tonya,Tate,kristymann@example.org,99633 Robert Parkways,Vazquezstad,New Jersey,Iceland
155,Regina,Barr,susan92@example.net,68408 Carrillo Passage,Randyhaven,Wyoming,Jersey
156,Dustin,Carter,jeremy48@example.com,220 Lloyd Forges Suite 861,New Joshuafurt,Massachusetts,Germany
157,Rebecca,Pierce,michelledavis@example.com,5504 Davis Mountain,West James,Nevada,Uzbekistan
158,Ian,Olson,cmercer@example.net,67910 Brown Extensions,Adamsland,Nevada,Mexico
159,Traci,Baldwin,ijackson@example.net,0185 Tracy Walks Suite 481,Port Jesusstad,California,Gambia
160,Rebecca,Hernandez,dakotamartin@example.net,0043 Duffy Turnpike Suite 376,Port Joycestad,Virginia,Chad
161,Natalie,Bradshaw,mandymiller@example.com,12728 John Tunnel Apt. 324,Christineland,West Virginia,American Samoa
162,Robert,Hartman,stacy59@example.net,29138 Craig Stream,Robinsonshire,Colorado,Gambia
163,Javier,Green,welchlaura@example.org,530 Baker Station Suite 715,Lake Michael,Hawaii,Maldives
164,Charles,Garrison,kirkbarbara@example.org,4702 Rivera Junction Suite 121,West Carlosbury,Pennsylvania,Lao People's Democratic Republic
165,Michael,Diaz,shawn93@example.net,7214 Lisa Brook Apt. 883,Sarahbury,Washington,Suriname
166,Joshua,Hamilton,williamchambers@example.com,82575 Esparza Mall Suite 379,Elizabethmouth,Hawaii,Seychelles
167,Connor,Harris,floreschristian@example.org,16987 Wright Burgs Apt. 378,Tracyview,Oklahoma,Greece
168,Billy,Strickland,caldwellvictoria@example.net,4405 Nicholas Terrace,Hernandezland,New Mexico,Reunion
169,Kristen,Morrow,angelajackson@example.com,0037 Cynthia Tunnel Suite 726,West Christopher,Alabama,Tuvalu
170,Theresa,Frye,uarnold@example.net,1141 Hamilton Spurs,Port Mitchell,Louisiana,Japan
171,Erin,Rivera,shawn30@example.com,675 Jeffrey Street Apt. 133,Huntmouth,West Virginia,Nepal
172,David,Mendoza,julie04@example.com,90245 Robert Point Suite 543,Lake Philip,Texas,Saint Barthelemy
173,Thomas,Morales,angelanorman@example.org,133 Hicks Prairie Apt. 612,Michaelmouth,Kansas,Bulgaria
174,Edgar,Wallace,gonzalezpatrick@example.net,4966 Stewart Road,South Evan,Nevada,Zimbabwe
175,Michael,West,moorestephen@example.org,66221 Daniel Summit Suite 307,Stephanieberg,Louisiana,Mayotte
176,Matthew,Santana,susanking@example.com,802 Jones Court Apt. 930,Josephhaven,Indiana,Niger
177,Michael,Hicks,thomasjeremy@example.com,89202 Campbell Street Suite 382,East Mary,Delaware,United States of America
178,Andrew,Thomas,jameszavala@example.com,87424 Thomas Greens Apt. 525,South Tammyside,New Mexico,Iraq
179,Patricia,Anderson,perezwilliam@example.org,52155 Jesse Radial Suite 954,East James,Washington,Liberia
180,Linda,Chase,thomasporter@example.com,05092 Orozco Cove Suite 703,Lake Feliciaside,Mississippi,United Kingdom
181,Judith,Vaughan,amber49@example.net,03518 Eddie Track Suite 257,Port Tammy,Georgia,Andorra
182,Laura,Fuller,ruizgary@example.net,4951 Raymond Vista,Hannahtown,New Jersey,Gabon
183,Isaac,Camacho,antonioparker@example.net,4000 Shannon Drive,Foleyfort,North Carolina,South Africa
184,Joseph,Powell,wwatson@example.com,593 Jaime Place Suite 531,South Lindsayland,New Hampshire,Belgium
185,Amy,Cooper,thomas34@example.com,0293 Hudson Rue,New Cassidy,North Carolina,New Caledonia
186,Jacob,Henderson,zferguson@example.org,96597 Bryant Avenue,Lake Geraldhaven,West Virginia,Mexico
187,Kyle,Lee,whamilton@example.net,624 Spencer Lake,Carrollview,California,Sweden
188,Dakota,Chambers,bishopamanda@example.net,48259 Wagner Crest Suite 320,Lake Dennisville,Wyoming,Moldova
189,Michele,Harrison,stevendixon@example.com,6458 Brandon Port Apt. 623,Lake Joannaport,Washington,Dominican Republic
190,Lindsay,James,murphymatthew@example.com,477 Charles Island,East Ryan,Connecticut,Costa Rica
191,Carmen,Jones,jonesadam@example.org,0709 Smith Square,East Johnshire,South Dakota,Latvia
192,Vickie,Fisher,smithsarah@example.org,9018 Daniel Canyon,Kaylatown,California,Niue
193,Shane,Scott,mfernandez@example.com,915 Guzman Ville,Joshuashire,Michigan,Sweden
194,Jennifer,Thompson,rthomas@example.net,787 Carol Fall,Lesliemouth,Oregon,Peru
195,Dominic,Hunter,jamesaguilar@example.com,57876 Megan Pine Apt. 397,Wilkersonshire,Washington,Guinea
196,Jamie,Munoz,meltonelizabeth@example.net,340 Brown Trace Apt. 848,Mccarthystad,Missouri,Montenegro
197,Devin,Floyd,haroldgentry@example.com,53485 Tracy Coves,East Katherine,Kentucky,Ireland
198,Thomas,Bell,stacey89@example.com,121 Edward Valley Apt. 097,Brittanyland,Rhode Island,Fiji
199,Melissa,Malone,theresa87@example.org,652 Smith Wall,Ramosmouth,Tennessee,Russian Federation
200,Teresa,Scott,amanda46@example.com,17175 Johnson Cove Apt. 326,South Emily,Florida,Costa Rica
201,Kimberly,Santos,gonzaleztina@example.org,902 Rodriguez Drives Suite 706,Warnerstad,Ohio,Guernsey
202,David,Powell,lthompson@example.org,72358 Jose Hollow Apt. 910,Masseyborough,South Carolina,Vanuatu
203,Samuel,Olson,kayla55@example.org,95752 Lisa Hill,Davidfurt,Kentucky,Luxembourg
204,Jennifer,Hall,mary91@example.net,730 Jennifer Extensions,Lake Jodiland,Rhode Island,Nepal
205,Rachael,Klein,jeanettestevens@example.net,97370 Joseph Meadow Suite 460,Angelaside,Ohio,Fiji
206,Matthew,Patterson,jacksonjennifer@example.org,4262 Flores Fall Apt. 909,Julieville,Texas,Gibraltar
207,Aaron,Miller,sandovaljoseph@example.net,1217 Diaz Mount Apt. 176,New Trevorbury,Michigan,Namibia
208,Michelle,Clark,nsexton@example.com,2618 Horton Lock,Rodriguezside,West Virginia,Poland
209,Trevor,Herrera,gillespiejohn@example.net,3052 David Mission Suite 058,South Jeanette,Minnesota,Sierra Leone
210,Catherine,Marshall,vwatson@example.org,812 Jenkins Bypass Apt. 330,Stephenshire,Delaware,El Salvador
211,Carol,Sandoval,jennifer04@example.com,709 Gonzalez Plaza Apt. 251,Tinaton,Massachusetts,Syrian Arab Republic
212,Bradley,Young,jramirez@example.org,5640 Alexis Locks,Samuelview,Wisconsin,Mongolia
213,Brooke,Hanson,johnsonrebecca@example.com,635 Bell Rue,North Katelyn,New York,Czech Republic
214,Terri,Rivera,grayamy@example.com,389 Smith Bypass,Lake Suzanne,West Virginia,Bahrain
215,Cheryl,Moore,bonilladaniel@example.com,00977 Boyer Port,Brittanychester,Vermont,Romania
216,Mariah,Boyd,fwillis@example.org,105 Padilla Union,New Sherry,Alaska,Djibouti
217,Dennis,Simon,umelendez@example.net,1910 Murray Heights,Sweeneybury,Ohio,Fiji
218,Tracy,Parker,aanderson@example.com,862 William Plains,Stephaniefort,Georgia,Trinidad and Tobago
219,Debra,Stevens,uscott@example.com,564 Mills Isle,West Mariabury,Virginia,British Virgin Islands
220,Craig,Sutton,rachel91@example.org,2689 Garcia Meadow,Angelaside,Maryland,Bahamas
221,Erik,Valenzuela,krojas@example.org,70079 Aguilar Mountain Suite 193,East Steve,Kansas,Jordan
222,Jason,Perkins,melissabender@example.org,557 Cassidy Forge,West Emily,Indiana,Northern Mariana Islands
223,Kristopher,Hodge,williamcook@example.com,00501 Jason Brook,Lake Anna,Kansas,Pitcairn Islands
224,Martin,Smith,cassandraflores@example.net,38307 Khan Union Apt. 388,East Robyn,Washington,Palau
225,Kimberly,Lopez,jmyers@example.net,2172 Anderson Shoals,Williamsview,Washington,Uzbekistan
226,Wayne,Bell,kristaharris@example.com,535 Campbell Common Apt. 391,Shelbyland,Idaho,Holy See (Vatican City State)
227,Joseph,Garcia,aprilcarson@example.com,54900 Smith Circles Apt. 325,Kleinfurt,Virginia,Sudan
228,Claudia,Barrett,robertserin@example.org,441 Jessica Port Apt. 262,Amyfurt,Montana,Slovakia (Slovak Republic)
229,Dylan,Barnett,zlozano@example.org,551 Valenzuela Hill Apt. 660,Deanton,Illinois,Kiribati
230,Ashley,Kennedy,opatterson@example.org,24575 Richard Rapids Apt. 186,Vasquezstad,North Carolina,Algeria
231,Debbie,Rodriguez,rodriguezchristina@example.org,457 Howard Summit,West Timothy,Nevada,North Macedonia
232,Kristina,Mitchell,laceymiller@example.org,894 Derrick Roads Suite 963,Lake Seanbury,Washington,Myanmar
233,Lisa,Bailey,catherine96@example.net,00401 Brandon Extensions,Adammouth,New York,British Virgin Islands
234,Sharon,Romero,jjohnson@example.net,69977 Laura Shore Suite 422,New Sheena,New Jersey,Bolivia
235,Timothy,Walker,tiffanymurray@example.com,13922 Vaughn Wells,Johnstonhaven,Kansas,Saint Vincent and the Grenadines
236,Stephen,Davis,samantha69@example.org,352 Fisher Ferry,Griffinbury,New York,Pitcairn Islands
237,Matthew,Bell,ryoung@example.org,29048 Emily Bridge Apt. 919,New Christine,Nebraska,Slovenia
238,Tanya,Holt,coloncrystal@example.org,83883 Montoya Road,South Tina,Oklahoma,Poland
239,John,Flores,spatel@example.com,50888 Shelley Knolls,West Loganside,Oregon,Martinique
240,Alejandra,Finley,harrisjorge@example.com,5985 Brittany Estates,Wandashire,Georgia,Mexico
241,Adam,Costa,cynthia25@example.com,6479 Christina Roads Suite 403,Nobleside,Alabama,Martinique
242,Susan,Logan,lweaver@example.org,1260 Montes Mill Apt. 369,Kellermouth,Rhode Island,Lithuania
243,Tracey,Rogers,keithmargaret@example.org,48355 Heather Dale Apt. 841,Mikemouth,Kansas,Croatia
244,Brian,Lewis,jefferywagner@example.com,49415 Olson Creek,Port Joshuaport,Tennessee,Rwanda
245,Jessica,Roberts,grayjennifer@example.net,105 Macias Oval,East Alanhaven,Minnesota,Montenegro
246,Christina,Holland,brownsusan@example.net,861 Hunt Mission Apt. 288,Smallmouth,South Carolina,Russian Federation
247,Carl,Hammond,fwilliams@example.net,9919 Dominguez Village Apt. 600,New Andre,Maryland,India
248,Monica,Kennedy,andrew12@example.com,86346 Jackson Alley Apt. 311,Port Stephanieport,Wisconsin,Poland
249,Jacob,Rogers,christopherhoover@example.com,1521 Victor Plaza,Younghaven,Mississippi,Niue
250,Kevin,Davies,barkerdavid@example.org,40942 Johnston Garden Apt. 536,Frazierborough,Alaska,Ecuador
251,Vanessa,Brown,earl63@example.net,766 Donna Path Apt. 912,Caseyview,Maine,Slovenia
252,Keith,Estrada,sarahsmith@example.org,535 Obrien Pines Suite 628,South Anthony,Pennsylvania,Comoros
253,Carlos,Gates,smithjustin@example.org,084 Michelle Pike Suite 042,Francoside,Nebraska,Bulgaria
254,Julie,Woods,lgraham@example.net,9855 Kelli Lakes,Hensonview,Pennsylvania,Russian Federation
255,Thomas,Craig,jeremywhite@example.net,32073 Cassandra Course,Port Donald,North Dakota,Pitcairn Islands
256,David,Browning,georgewhite@example.com,1821 White Spring,Stevensstad,Tennessee,Maldives
257,Katherine,Daniels,jade72@example.com,195 Meghan Drive,East Richardbury,Oklahoma,Djibouti
258,Brett,Jackson,cristian11@example.com,050 Amy Groves Suite 966,North Emily,Kansas,Cayman Islands
259,Sarah,Mendoza,debrawang@example.org,981 Anderson Ramp Suite 002,New Susanburgh,Maryland,Hungary
260,Mary,Walker,hdavis@example.net,947 Tanya Throughway,East Matthewtown,Illinois,Tunisia
261,Grant,Hicks,yjohnson@example.net,165 Lucas Turnpike Apt. 103,South Jeromeville,Vermont,Burundi
262,John,Lopez,hallantonio@example.org,7744 Ross Ports Suite 896,West Andreaburgh,Nebraska,Cayman Islands
263,Chad,Carroll,jacobsthomas@example.net,768 Alex Valleys,Mariahstad,Iowa,Cuba
264,Stephanie,Jackson,briansmith@example.org,198 Jones Extension Suite 396,Mooreside,Pennsylvania,Marshall Islands
265,David,Vargas,russellaaron@example.org,88459 Mcdaniel Lock Suite 035,Seanland,Florida,Antarctica (the territory South of 60 deg S)
266,Erica,Morgan,zmoody@example.net,36370 Ashley Terrace Apt. 029,Samanthaton,West Virginia,Timor-Leste
267,Danielle,Kim,burgessjuan@example.com,71579 Perry Causeway,West Cliffordhaven,Colorado,Nepal
268,Bobby,Hall,zjenkins@example.com,02092 Cynthia Locks,Cohenfurt,New Mexico,Cayman Islands
269,Meredith,Wood,phelpscassandra@example.net,12232 Carter Drives Suite 782,Lake Josefurt,Michigan,Netherlands Antilles
270,Alyssa,Gonzalez,rarroyo@example.com,36803 Jackson Trafficway,Maynardland,Washington,Ecuador
271,Natasha,Johnson,brandonrodriguez@example.com,66008 Hall Stream Suite 615,Lake Jamesborough,South Carolina,Maldives
272,Mark,Haley,gabrielle79@example.org,7403 April Highway Apt. 886,Lake Robertfurt,Oregon,Spain
273,Angela,Barton,singhlindsey@example.org,907 Marsh Centers,South Wesley,New Hampshire,Bosnia and Herzegovina
274,Larry,Barker,bscott@example.org,673 Heidi Port,Juarezshire,Arkansas,Botswana
275,Kevin,Schmidt,brianna55@example.net,69410 Romero Village,Rachelside,New Hampshire,French Polynesia
276,Curtis,Harris,lori62@example.com,0744 Morgan Mill Suite 590,Christopherland,Connecticut,Kiribati
277,Kurt,Nelson,harrisernest@example.net,18569 Ellis Springs Suite 926,Lake Brittneyhaven,Alaska,Myanmar
278,John,Mullins,whitetiffany@example.org,027 Cook Junctions Suite 259,Nicoleton,West Virginia,Equatorial Guinea
279,Keith,Wolfe,kingashley@example.net,048 Robert Crescent Suite 397,East Melissaburgh,Maryland,Montenegro
280,Traci,Hardy,jennifer96@example.net,8753 Larry Key Suite 533,West Shane,Massachusetts,Liberia
281,Kelly,Ortiz,teresa35@example.com,3465 Susan Highway,West Louisberg,Maryland,Iran
282,Cindy,Mcdaniel,bartlettseth@example.com,0545 Shah Mountains Apt. 132,Meganfurt,Alaska,Albania
283,Tony,Robinson,nanderson@example.com,21852 Barr Land,Christinachester,Kentucky,Comoros
284,Kylie,Fields,patricia43@example.com,2274 Bradley Mountains Suite 440,West Ericachester,Massachusetts,Belize
285,Deanna,Simmons,jaygordon@example.net,68966 Julie Views,Jasonmouth,Wyoming,Austria
286,Michael,Lopez,cynthiaking@example.net,54052 Bowers Radial Suite 156,South Shannon,Pennsylvania,Gambia
287,Jennifer,Benson,judithrodriguez@example.com,41661 Samuel Key Apt. 979,Lake Elizabethland,New Jersey,Somalia
288,Donna,Smith,ryancohen@example.net,19663 Mckenzie Islands Apt. 642,Toddberg,Massachusetts,Malaysia
289,Samuel,Arias,vjohnson@example.com,3301 West Mount Apt. 284,New Kevin,Alabama,Peru
290,Ashley,Butler,timothymason@example.org,950 Carroll Freeway,South Matthewport,Rhode Island,Afghanistan
291,Wayne,Hernandez,mbrown@example.com,3828 Rebecca Union,Travistown,Idaho,Barbados
292,Curtis,Avery,lyonskatelyn@example.net,845 Tony Valley,Harperview,Texas,Heard Island and McDonald Islands
293,Sandra,Hernandez,abradshaw@example.org,1479 Henson Cove Apt. 597,Kevinville,Massachusetts,Chad
294,Linda,Romero,edwardcraig@example.org,71038 Alexander Key Suite 183,Port Todd,Georgia,El Salvador
295,Tamara,Robinson,normandana@example.net,0309 Barbara Expressway Apt. 310,Mosesmouth,West Virginia,Cayman Islands
296,Raymond,Hall,kenneth47@example.com,6378 Hill Isle,East Jonathan,North Carolina,Norway
297,Stephanie,Young,thomasmyers@example.com,3994 Rodriguez Circles,Hernandezton,South Carolina,Ecuador
298,Geoffrey,Jenkins,nancy53@example.org,73981 April Fields Suite 724,New Amandaside,Kansas,Austria
299,Brittany,Robinson,maria26@example.net,54192 Rick Ways Apt. 268,Briannaview,Oklahoma,Brunei Darussalam
300,Brian,Smith,millermichael@example.com,2387 Marcus Station,Sarahville,Nebraska,Tokelau
301,Wanda,Branch,brianparker@example.org,1992 Russell Islands,Kaylabury,Colorado,Guinea-Bissau
302,Sarah,Ashley,david90@example.net,938 Kathleen Walks,Erikside,Louisiana,United States Virgin Islands
303,Stacy,Oneill,ashley11@example.net,316 Schneider Square Apt. 235,Coxborough,Iowa,Uruguay
304,Brittany,Kirby,sandrabarker@example.com,701 Lisa Estates Apt. 968,Johnathantown,Arkansas,Bouvet Island (Bouvetoya)
305,Colleen,Potter,cgarcia@example.net,84311 Randall Street,West Gabriel,Maine,New Zealand
306,Kelsey,Sims,erin02@example.com,40657 Michael Bridge Apt. 182,Mckenziehaven,Louisiana,Kiribati
307,David,Morse,christopherford@example.org,65642 Wagner Ferry,South Jordan,Louisiana,Saint Pierre and Miquelon
308,Robert,Anderson,amay@example.net,6621 Maurice Locks Suite 361,Port David,Colorado,Mongolia
309,Kristi,Mullen,patrick09@example.net,9687 Jocelyn Highway,Carrollview,Alaska,Micronesia
310,Brian,Johnson,jennifer32@example.org,12125 Lisa Walk Apt. 806,Port Walter,Missouri,Croatia
311,Martin,Rasmussen,tylermorse@example.net,4022 Bonilla Cliffs,Justinview,Massachusetts,Iceland
312,Thomas,Brooks,richard52@example.com,1363 Potts Flats,Nataliemouth,Kentucky,Guernsey
313,Richard,Bryant,tanya22@example.com,00148 Joy Walk,Haleybury,Kentucky,Iran
314,Melissa,Vazquez,taylorreyes@example.com,2821 Dawn Springs Suite 002,East Mary,Wisconsin,Wallis and Futuna
315,Joel,Wright,solissteven@example.com,387 Baldwin Spur,Dannyfort,Missouri,Aruba
316,Alison,Castaneda,janet00@example.net,84459 James Inlet Suite 877,Lake Dawnborough,Maine,Tonga
317,Jill,Tran,seanjones@example.net,70002 Newton Burg,East Michaelmouth,Alabama,Burundi
318,John,Deleon,snydermichael@example.org,2394 Garcia Plaza,Andrewport,California,Haiti
319,Angela,Benson,samanthaduffy@example.net,602 Tammy Gardens,Fisherfort,Oregon,American Samoa
320,Thomas,Scott,peterbell@example.com,1494 Velez Manor,West Josephfurt,Hawaii,Anguilla
321,Richard,Edwards,hreeves@example.org,2337 Harris Hollow,Dustinburgh,Utah,Denmark
322,Edwin,Taylor,johnsonjacqueline@example.com,062 Taylor Stream,Bowersfort,Missouri,Saudi Arabia
323,Dale,White,jameselizabeth@example.net,38966 Megan Springs Suite 709,New Courtneytown,Wyoming,Anguilla
324,Michael,Garza,courtneymclaughlin@example.net,7358 Burton Views,Stephenland,Massachusetts,Costa Rica
325,Anna,Rowe,jacquelinewhite@example.net,58035 Potter Greens Apt. 972,Lake Anthonytown,New Jersey,Serbia
326,Justin,Jones,daniel02@example.net,185 Hull Ridge Apt. 903,Mcdanielburgh,New York,Iraq
327,Brian,Larsen,brownbruce@example.com,93783 Scott Circles Suite 969,Mauriceland,Missouri,Peru
328,Margaret,Cameron,travis60@example.com,466 Sarah Avenue,Simmonsmouth,West Virginia,Saint Lucia
329,Cynthia,Lee,paulramos@example.com,0679 Mark Isle,New Steven,Pennsylvania,Gambia
330,Peter,Jackson,donaldsoncindy@example.com,19597 Willis Court Suite 280,New Sarah,Maryland,Zambia
331,Leon,Turner,kimberlygraves@example.org,360 Shaw Square,South Eric,Nevada,Taiwan
332,Zachary,Gonzalez,snyderlori@example.com,929 Kelly Junctions,Thomasshire,Oklahoma,Vanuatu
333,David,Gray,obrooks@example.net,175 Thomas Green Apt. 279,Jessicaland,Maryland,Cape Verde
334,Bryce,Sutton,jaredrush@example.com,92730 Davidson Turnpike Apt. 764,East Rachelton,California,Bulgaria
335,Emily,Hamilton,jperez@example.com,347 Roman Brooks,Jamesville,Virginia,Korea
336,Alicia,Chaney,thomasanthony@example.org,237 Stafford Forest Apt. 210,New Emilyhaven,Texas,Norfolk Island
337,Michael,Hughes,hickmanpatrick@example.org,7980 Potter Common,North Amber,South Carolina,Guam
338,Michael,Freeman,kimberly21@example.org,993 Melissa Throughway,Michaelberg,Alaska,Taiwan
339,Evelyn,James,welchgina@example.org,8020 Oconnor Lodge Apt. 682,Loriview,Alaska,Austria
340,Christopher,Webster,carlperez@example.com,098 Owens Meadows,North Alexashire,New York,Latvia
341,Robert,Thomas,lsmith@example.org,333 Shelton Parkway Apt. 370,Johnburgh,Alaska,Vietnam
342,Brett,Carter,kyle60@example.net,001 Monica Cliffs,Brooksport,Colorado,Tuvalu
343,George,Stein,danielfuentes@example.net,637 Matthews Bypass,West Elizabethburgh,Minnesota,Christmas Island
344,Michele,Moore,valerie85@example.com,5653 Christine Burg,Lake Mary,Wyoming,Oman
345,Danielle,Whitaker,williamsnicholas@example.net,02304 Maldonado Viaduct Apt. 145,New Richard,Indiana,Djibouti
346,Leslie,Campbell,juliehernandez@example.net,929 Thompson Corners,Lake Darren,Missouri,Kyrgyz Republic
347,Kristen,Rosales,linda28@example.com,3632 Chung Turnpike,New Stephanie,Rhode Island,Bahamas
348,Cristina,Shannon,ethan91@example.net,03033 Reyes Overpass Suite 247,Anneland,Oklahoma,Qatar
349,Jeffrey,Figueroa,brockdonald@example.org,92392 Carlson Street,Matthewbury,North Carolina,Pitcairn Islands
350,William,Ramirez,robert20@example.com,7610 Obrien Estate Suite 380,Lake Thomas,Illinois,Ukraine
351,Jennifer,King,dbautista@example.com,0347 Anthony Rest,New Melissaside,Alabama,Norfolk Island
352,Anthony,Reid,brittanystewart@example.com,64312 Simmons Parkway,West Brookemouth,West Virginia,Aruba
353,Monica,Baker,amybarrera@example.net,70264 Barbara Fords Suite 363,Port Christine,Tennessee,Puerto Rico
354,Melissa,Harris,agarcia@example.net,7545 Kramer Port Apt. 316,Lake Katherineton,Kentucky,Namibia
355,Luis,Patel,victorortiz@example.net,3635 West Rapid,West Janice,Texas,Armenia
356,Virginia,Patterson,langjames@example.net,711 Kelly Track,Robinside,Maine,Korea
357,Jason,Harrington,piercejohn@example.org,72368 Sanders Way Suite 429,Delacruzhaven,Delaware,Suriname
358,Ryan,Brennan,michael83@example.net,1810 Timothy Light,New Isaacmouth,Wyoming,Slovakia (Slovak Republic)
359,Thomas,Harris,watsonchristina@example.com,353 Ana Creek,West Roger,North Dakota,Netherlands Antilles
360,Tommy,Smith,adam25@example.net,9062 Aaron Highway Suite 418,Charlesfurt,North Carolina,Burundi
361,Donna,Powell,rmendoza@example.com,9430 Morales Pines Suite 308,Garciabury,Georgia,Tanzania
362,Caleb,Morris,allenhernandez@example.net,42018 Hoffman Squares,Jessicaton,Massachusetts,Tuvalu
363,Mindy,Smith,csummers@example.org,412 Jay Harbors Suite 657,South Elijahmouth,Mississippi,Oman
364,David,Clark,leonmiller@example.net,9262 Hutchinson Avenue,South Bill,Hawaii,Dominica
365,Kathleen,Velasquez,christophergarcia@example.org,5142 Perez Plaza,Port Samanthamouth,South Carolina,Philippines
366,Kristopher,Foster,dtucker@example.org,888 Jo Cliff Apt. 142,Markville,Massachusetts,New Zealand
367,Ronald,Bond,michaelsantana@example.net,80949 Cohen Cape,Port Sarah,Pennsylvania,Micronesia
368,Mark,Miller,cramirez@example.com,09013 Sanders Shoal,West Shawnbury,Utah,Denmark
369,Roy,Holmes,swarren@example.net,49800 Hampton Valley,South Richard,Iowa,Saint Lucia
370,Robyn,Thompson,jford@example.net,050 Jackson Flat,Normanland,Alaska,Mali
371,Karen,Boyd,travissierra@example.com,609 Brooks Trace,Gordontown,New Hampshire,Heard Island and McDonald Islands
372,Laura,Stephens,michael57@example.org,06303 Bryce Lakes,New Laurenchester,Georgia,Uzbekistan
373,Stephanie,Carter,timothy93@example.com,8896 Beverly Course Suite 407,East Leonard,California,Heard Island and McDonald Islands
374,Patrick,Martin,calebgarcia@example.net,041 Michael Vista Suite 310,Weavertown,Illinois,Latvia
375,Kristine,Duran,gmoss@example.org,681 Andrea Point,Georgeton,Nevada,Guinea
376,Joseph,Dennis,mwilliams@example.com,46188 Garcia Fields Suite 768,New Meagan,Oklahoma,Chile
377,Megan,Jones,wcooper@example.net,2551 Ryan Key Suite 994,Thorntonmouth,Oregon,Tuvalu
378,Michael,Ferguson,karensnow@example.org,66950 Nash Heights Apt. 990,Michaelton,Nebraska,Eritrea
379,Troy,Johnson,laura64@example.org,282 Kramer Centers Suite 536,West Mindyfort,Idaho,El Salvador
380,Madison,Miles,adam71@example.com,5571 Doyle Locks Apt. 381,North Jon,Virginia,Sao Tome and Principe
381,Peggy,Taylor,gkim@example.com,270 Gina Locks,New Amandaview,Montana,Australia
382,Emily,Mckinney,laura12@example.org,6251 Stokes Centers,Alyssaburgh,Hawaii,Finland
383,Melissa,Ramirez,ctanner@example.com,5652 Kayla Well Apt. 078,New Garychester,North Dakota,Papua New Guinea
384,Lauren,Murray,curtishoffman@example.com,20612 Jillian Landing,New Carla,Maine,Cameroon
385,Madison,Whitney,tyler16@example.com,27198 Ashley Walks Suite 066,New Anne,Alabama,Sudan
386,Bruce,Santos,cory34@example.net,92868 Black Track,East Angelaville,North Dakota,Albania
387,Timothy,Massey,jford@example.com,23223 Wright Mission,New Dalton,Alabama,Western Sahara
388,Wanda,Jackson,garciaelizabeth@example.net,22843 Woods Island,West Janice,Utah,Fiji
389,Tanya,Moon,umercado@example.org,0698 David Lodge,Angelaborough,Wisconsin,Holy See (Vatican City State)
390,Margaret,White,rmeyer@example.com,1239 Taylor Views Suite 520,Goodwinfurt,New Mexico,Isle of Man
391,Makayla,Snow,marksalexis@example.com,6134 Rivera Union,North Jonathonfurt,Minnesota,Monaco
392,Jennifer,Hoffman,oshannon@example.net,442 James Loaf Apt. 486,East Vickifort,Virginia,Mongolia
393,David,Sanders,eric98@example.net,845 Deborah Ranch,Lake Robertburgh,Wyoming,Rwanda
394,Robert,Sheppard,melissa08@example.com,687 Obrien Alley Apt. 399,West Karl,Mississippi,Somalia
395,Micheal,Cook,ndrake@example.org,4388 Jones Garden,East Nicholasfurt,Virginia,Dominican Republic
396,Robert,Irwin,weaverdylan@example.com,51910 Oconnell Lake,Chrisberg,Missouri,Angola
397,Paul,Rose,ljones@example.net,8213 Fuller Square Suite 488,Duffychester,Minnesota,Hungary
398,Christine,Medina,esmith@example.com,051 Richard Mews Apt. 594,North Russellport,Arkansas,Mali
399,Tara,Fowler,emilyharvey@example.net,363 Harris Views,Floresport,Nebraska,Gabon
400,Tara,Johnson,fhuerta@example.org,7873 Robertson Squares Suite 128,Brookebury,South Dakota,Pitcairn Islands
401,Matthew,Robinson,linda62@example.com,9591 Reginald Spurs,Harrisstad,Ohio,Czech Republic
402,Jonathan,Adkins,dsanchez@example.com,471 Kenneth Landing Apt. 850,Jefferybury,Connecticut,Burundi
403,Gina,Miller,christopher62@example.org,77299 Wilson Extension,Lake Anthony,West Virginia,French Polynesia
404,David,Davidson,greendavid@example.net,2791 Mark Union,Lake Nicholasside,Idaho,French Polynesia
405,Cynthia,Miller,shodges@example.org,3763 Mary Coves Suite 691,South Aprilport,South Dakota,Tokelau
406,Wesley,Griffin,tonya21@example.org,13367 Theresa Run,Crystalberg,New Jersey,Bhutan
407,Brittany,Harrison,michaelwilson@example.net,10297 Coleman Crest,Lake Cheryl,Pennsylvania,Tokelau
408,William,White,wilsonkristin@example.com,30552 Kelly Prairie,Williamsville,Indiana,Palau
409,Kevin,Lee,wvang@example.org,82765 Karen Neck Apt. 663,Edwinberg,New Hampshire,China
410,Eddie,Mccullough,donnapage@example.com,589 Ford Valley,Jensenhaven,New York,British Indian Ocean Territory (Chagos Archipelago)
411,Elizabeth,Brown,adam93@example.org,35051 Braun Tunnel Suite 379,West Isaiahstad,Rhode Island,Vietnam
412,Brian,Saunders,robertsleroy@example.com,90090 Weber Summit Apt. 731,Kennethmouth,Iowa,Mayotte
413,Jake,Wagner,trobinson@example.org,44828 Knapp Ridges Apt. 924,East Michaelside,Mississippi,Jersey
414,Alison,Smith,dorothy49@example.net,691 Hicks Camp Apt. 248,Waltonstad,Delaware,United States Minor Outlying Islands
415,Thomas,Gomez,juliehenderson@example.com,7621 Gutierrez Road,Harrisport,New York,Saint Helena
416,Ryan,Lane,housetasha@example.org,66868 Amy Radial,South Kristystad,Louisiana,Hong Kong
417,Tricia,Jackson,rebecca82@example.com,2210 Rebecca Ports Suite 421,Williamsstad,New Jersey,Micronesia
418,Sydney,Porter,shelbyadams@example.com,12652 Sherman Drive Apt. 383,Port Ernestland,Mississippi,Estonia
419,Alex,Horn,laura15@example.net,577 Reyes Highway Suite 395,Sabrinachester,Tennessee,Central African Republic
420,James,White,harrymorris@example.net,9104 Gilmore Park,Nelsonmouth,Arizona,Wallis and Futuna
421,Angela,Monroe,sarahgeorge@example.net,9670 Alvarado Pines,Saramouth,Tennessee,Uganda
422,Kristin,Rocha,iward@example.net,33677 Kimberly Ford,New Matthewmouth,South Carolina,Mongolia
423,Catherine,Larson,renee33@example.com,107 Crystal Spurs,Amandaburgh,North Dakota,Estonia
424,Douglas,Jones,katherine40@example.org,085 Walker Islands,New Josephfort,Maine,Australia
425,Jason,Bishop,david71@example.net,0966 Williamson Springs,Port Sarahfurt,Minnesota,Bangladesh
426,Melissa,Perez,medinamark@example.com,539 Brown Forge,Nealview,Connecticut,Cote d'Ivoire
427,Jennifer,Golden,erinmartinez@example.org,81325 Williams Station Suite 132,Allenberg,Hawaii,United States of America
428,Jeffrey,Shaffer,pamelaallen@example.com,110 Rebecca Club,West Miguel,Delaware,Yemen
429,Jennifer,Anderson,warcher@example.org,51999 Shannon Plain,Brendanland,Oklahoma,Tokelau
430,Erika,Carson,knelson@example.net,394 Ortega Motorway Apt. 576,Lake Charlesmouth,California,Guinea-Bissau
431,Kristina,Mooney,tiffanyshea@example.org,022 Susan Crossroad Apt. 223,Tamarastad,Connecticut,Ireland
432,Scott,Saunders,kathleenelliott@example.net,669 Henry Squares,Port Thomas,California,Aruba
433,Monica,Wilkerson,millerjason@example.net,5053 Ramirez Pine,Morsetown,Texas,Jamaica
434,Maria,Henry,edwardsteresa@example.com,185 Emily Keys Suite 063,North Shelbyview,Idaho,United States Virgin Islands
435,Roberto,Day,ryanmoody@example.org,639 Jackson Glens,New Micheal,New Jersey,Switzerland
436,Jeanne,Williamson,kennethhall@example.net,79819 Houston Garden Suite 218,South Hannahfurt,Massachusetts,Netherlands
437,Jacob,Hernandez,monicalewis@example.com,34088 Tyler Wells Suite 055,Shelbyfurt,Texas,Nauru
438,Michael,Cooper,allencaroline@example.com,76578 Kimberly Key,Pottsfurt,Maine,Spain
439,Anna,Frank,jessica13@example.net,1162 Bauer Knolls,New Maxwell,Maine,Tonga
440,Benjamin,Mckee,hdelacruz@example.com,564 Norris Port,Ruthhaven,New Jersey,Palestinian Territory
441,Christina,Morse,michaelturner@example.com,5684 Ritter Garden Apt. 156,Hayesburgh,New Hampshire,Saudi Arabia
442,Neil,Rowland,noahzhang@example.net,8761 Mark Trail Apt. 120,North Jenniferborough,North Carolina,Panama
443,Bryan,Morales,robertsilva@example.com,278 Kathryn Squares Suite 513,New Andrew,Washington,Tuvalu
444,Sandra,Gomez,robinsonamber@example.net,0347 Porter Cape Apt. 686,Anthonyton,Florida,Uganda
445,David,Schmidt,john56@example.net,8105 Kelsey Terrace Suite 106,Mullenshire,Hawaii,Isle of Man
446,Jessica,Curry,alejandro04@example.org,3260 Kendra Mission,North Michelle,Alabama,Lebanon
447,Melanie,Rojas,moorealexis@example.org,509 Brianna Via,Castillofurt,South Dakota,Guernsey
448,Michael,Patrick,martingreen@example.org,19897 Miller Place Apt. 149,Perezbury,Arizona,Nauru
449,Jennifer,Burke,cynthia59@example.com,9922 Richardson Motorway Suite 867,East Markbury,New Jersey,Peru
450,Jennifer,Smith,cdavis@example.org,678 Kathryn Court Suite 392,Lake Javiertown,Massachusetts,Afghanistan
451,Kelsey,Cannon,marilyn45@example.net,57396 Rivera Trafficway,East Jacqueline,Oregon,Cook Islands
452,Susan,Hanson,bonniejenkins@example.net,63287 Michael Extension Apt. 506,Fischerview,Wyoming,Honduras
453,Michelle,Smith,xgraham@example.com,94215 Jason Junctions Suite 426,Lake Andrew,Georgia,Kyrgyz Republic
454,Catherine,Berg,james37@example.org,931 Taylor Common,Port Frank,Iowa,India
455,Stephanie,Bell,gatesjim@example.org,2218 Henry Heights,Nancyside,Idaho,French Southern Territories
456,Nicole,Payne,jchristensen@example.org,888 Kim Path Apt. 547,East Samantha,Oregon,Christmas Island
457,Juan,Le,sandrarichards@example.org,522 Daugherty Parkway,Jenningsborough,West Virginia,Japan
458,Sandra,Carson,tylerwilliams@example.net,562 Jonathan Manors Apt. 580,East Robert,Alabama,Sri Lanka
459,Mike,Hopkins,jessica52@example.org,92564 Ricky Villages,Hayschester,South Dakota,Mozambique
460,Tara,Sanchez,leecarol@example.com,7033 David Spurs Apt. 292,Fuentesmouth,Vermont,Cambodia
461,Justin,Mendoza,iho@example.org,33298 Davis Coves Suite 170,Howardbury,Massachusetts,Malta
462,Stephen,Lynn,znelson@example.net,15744 Arroyo Lock Suite 689,Benjaminstad,Alaska,Niger
463,Patrick,Butler,johnsonscott@example.net,073 Blake Cove Suite 766,Ellisonfort,North Dakota,Equatorial Guinea
464,Antonio,Spencer,robertrobinson@example.net,201 Carl Cliff Apt. 059,Millerview,Texas,Iceland
465,David,Marquez,cmontoya@example.net,6928 Lewis Turnpike,North Joshua,Oklahoma,Estonia
466,John,Skinner,jasminemedina@example.net,909 Elizabeth Union Suite 452,South Robin,California,Myanmar
467,Alan,Oneill,fbrown@example.org,89879 Morris Plaza Apt. 436,South Chelsea,Kentucky,Heard Island and McDonald Islands
468,Lauren,Mclean,larry49@example.com,9228 Laura Wells Suite 222,North Brent,Kentucky,Netherlands Antilles
469,Debra,Morrow,christophersmith@example.org,313 Thomas Springs Suite 072,West April,Nebraska,Albania
470,David,Nixon,james02@example.net,5072 Bernard Crescent,East Jerry,Kentucky,Estonia
471,Jason,Stein,nhicks@example.com,905 Robert Valleys Suite 500,Hansenfurt,Indiana,Nepal
472,Christopher,Robinson,kevinrush@example.org,529 Jones Oval Apt. 734,West Tammychester,Delaware,American Samoa
473,Katie,Brady,kellycole@example.com,903 Miller Parks,Barbaraport,Vermont,Cocos (Keeling) Islands
474,Robert,Wyatt,paul49@example.net,4514 Keith Freeway,West Mary,Virginia,Cape Verde
475,William,Cook,yjefferson@example.com,7250 Christopher Place Suite 485,Marisamouth,Alaska,Timor-Leste
476,Bryan,Joseph,lori93@example.net,2150 Lin Groves Apt. 168,West Dominique,Louisiana,Lebanon
477,Elizabeth,Wilson,jennifer21@example.net,744 Turner Terrace,Amyhaven,Iowa,North Macedonia
478,Jonathan,Hill,mtran@example.org,47416 Branch Underpass,Lake Christophermouth,North Dakota,Liberia
479,John,Juarez,swansondaniel@example.net,7999 Pratt Roads Apt. 245,North Chelseaton,Arizona,Western Sahara
480,Kristina,Torres,suzanne36@example.org,49881 Flynn Locks,Parsonsberg,Colorado,Afghanistan
481,Patricia,Sandoval,susan72@example.com,63606 William Grove,Lake Leonard,Oklahoma,Philippines
482,Abigail,Miller,rangelsandra@example.com,67353 Hayes Radial Apt. 380,Port Katherine,Montana,Cambodia
483,Jonathan,Carter,becky30@example.net,0115 Coleman Vista Apt. 102,West Dustin,Idaho,Congo
484,Diamond,Mckinney,samanthalewis@example.net,1555 Brown Mission Suite 425,Cooperhaven,Ohio,Uganda
485,Parker,Castro,ovelasquez@example.com,3676 Hoffman Canyon,Wellsstad,Texas,Equatorial Guinea
486,David,Flores,mcohen@example.com,8803 Bowen Camp,Parkerbury,Kansas,Korea
487,Willie,Stewart,hamptonpatricia@example.net,5584 Gillespie Springs,New Jade,Rhode Island,Greece
488,Trevor,Castro,brennantodd@example.net,597 Lowe Rapids Suite 033,South Lisamouth,Colorado,Bermuda
489,Tracy,Lamb,shawn95@example.com,738 Hamilton Glen,Gutierrezberg,Wisconsin,Colombia
490,Kelly,Salazar,ssmith@example.org,02347 Meadows Streets,North Jacobside,Maine,Uganda
491,Eduardo,Fisher,jonesdeanna@example.com,191 Powell Common Apt. 301,Rodgersport,New York,Bahrain
492,Barbara,Glenn,coxchristopher@example.com,619 Hunter Crossing Apt. 384,Lake Paul,South Carolina,New Zealand
493,Kevin,Harrell,crawforddestiny@example.net,02282 Troy Hill,Port Michaelland,New Mexico,Holy See (Vatican City State)
494,Katherine,Barrett,idavis@example.com,05897 Timothy Loaf,Carlview,South Dakota,United States Minor Outlying Islands
495,Mary,Johnson,michelle19@example.org,78147 Gregory Place,West Jodi,Indiana,Iceland
496,Kathryn,Henderson,carpenteramy@example.net,28834 Cabrera Fort,Teresafurt,Montana,Mayotte
497,Paul,Brooks,westelizabeth@example.net,723 Crystal Rest Apt. 940,West Douglas,Minnesota,Norway
498,Cody,Malone,lewissteven@example.org,3644 Bailey Brook,Lake Heather,North Carolina,Turkey
499,Karen,Branch,freemanzachary@example.org,5171 Debra Junction,Danielleport,Kentucky,Iran
500,Roger,Proctor,asandoval@example.org,06150 Corey Island,Rebeccaview,New Jersey,Japan
501,Joseph,Robinson,rodriguezjason@example.com,776 Rush Locks,Jonesberg,New York,Greenland
502,Charles,Johnson,james47@example.net,989 Torres River,Donnaview,Alabama,Indonesia
503,Jose,Fuller,amy28@example.com,99462 Monica Turnpike,Cochranshire,Vermont,Libyan Arab Jamahiriya
504,Andrew,Strickland,avilakelsey@example.com,287 Connor Route Apt. 800,Lake Curtisberg,Florida,Wallis and Futuna
505,Robert,Gardner,williamvalentine@example.com,224 Kevin Hill Suite 854,Kimberlytown,Utah,Paraguay
506,Caroline,Smith,rileyeric@example.net,4577 Dunn Parkway Suite 207,Youngport,Arkansas,Cameroon
507,Andre,Sharp,santosjoseph@example.org,9033 Juan Rapids Suite 860,Nguyenberg,Utah,Congo
508,Joshua,Ford,elizabeth32@example.net,404 Laurie Dam,Jasonchester,South Carolina,Bouvet Island (Bouvetoya)
509,Jeffery,Conley,ataylor@example.org,431 Simmons Stream Suite 190,South Rebeccachester,New Hampshire,Saint Helena
510,Bailey,Davis,linnicole@example.net,417 Gibson Trace Apt. 495,South Jenniferburgh,California,Seychelles
511,Danielle,Ruiz,mike37@example.net,193 Lee Knolls Apt. 964,Stephenview,Oregon,Trinidad and Tobago
512,Melinda,Murillo,christopher10@example.org,4162 Katrina Crossing,Port Kimhaven,South Dakota,United States Virgin Islands
513,Erin,Torres,briggsgabrielle@example.net,808 Austin Wells,Bryanberg,Ohio,Zambia
514,David,Evans,wmartinez@example.com,0860 Howard Orchard,Arnoldton,Alabama,Kuwait
515,Dale,Morales,bmartinez@example.net,564 Little Trail Apt. 462,Lake Brittneytown,Ohio,Nigeria
516,Kristy,Henderson,tiffany88@example.com,71260 Billy Course,Ashleyshire,Kentucky,Armenia
517,Gavin,Fowler,lprice@example.com,881 Tyler Fields,Vincentside,Delaware,Australia
518,James,Anderson,fbaker@example.org,95930 Johnson Mission,Jeremymouth,Florida,Ukraine
519,Jose,Martinez,hollowayvanessa@example.org,76582 Jones Place Apt. 908,West Gabriellaville,Maryland,Bolivia
520,Jeffery,Lawson,markstewart@example.com,7239 Lee Walk Apt. 958,New Breanna,Louisiana,Niue
521,John,Burns,christine32@example.com,7263 Shepard Plains,Sheilaberg,Mississippi,Mozambique
522,Mark,Hall,jordansawyer@example.org,9673 Lewis Summit,New Stephanie,Mississippi,Tonga
523,Jennifer,Morgan,lonnie90@example.net,29701 Marcus Drive Suite 472,North William,Alabama,Timor-Leste
524,Brian,Mccarthy,hallcraig@example.com,4904 Wheeler Parkways Suite 740,East Tina,Georgia,Christmas Island
525,Michael,Molina,simmonsmary@example.org,29582 Carla Village Apt. 337,North Caitlin,Alabama,Madagascar
526,Aaron,Pierce,zstrong@example.com,027 Mason Light,South Krystal,Georgia,Cuba
527,Alex,Williams,perezjesse@example.com,2366 Maureen Points Suite 945,Lake Curtis,Mississippi,Togo
528,Debbie,Clark,coxcody@example.org,0456 Kyle Curve,East Markbury,Louisiana,Mauritania
529,Shawn,Carter,lopezwilliam@example.org,516 Bradley Curve Suite 651,Andersonfurt,Montana,Greece
530,Andrew,Silva,nathandavis@example.net,149 Allen Station,Sandersport,Wisconsin,Algeria
531,Meredith,Jones,timothy79@example.org,950 Susan Stream Apt. 353,Pamelashire,California,Turkmenistan
532,Toni,Davis,michael84@example.org,349 Allen Village Apt. 985,Schultzfort,New Jersey,Pitcairn Islands
533,Emily,Wright,hamiltonmatthew@example.net,814 Delacruz Meadows,Hollandfort,Kansas,Turkmenistan
534,Jeremy,Stein,lisa29@example.org,5414 William Unions,South Brandontown,Iowa,Guernsey
535,Alexis,Rivera,jennifer95@example.org,4234 Simmons Rest,Veronicahaven,Rhode Island,Tajikistan
536,Jennifer,Crane,johnsonmaria@example.net,12688 Hull Squares,Elliottburgh,Wyoming,Burundi
537,Lawrence,Bell,davisgabriel@example.org,20189 Ricky Gateway Suite 383,Jasonshire,Washington,Cambodia
538,Sean,Jackson,butlerbeth@example.com,0278 Brenda Lane Suite 248,Lauramouth,Minnesota,Angola
539,Kaitlyn,Thomas,craigcarr@example.com,530 Michael Freeway,West Anthonyside,Montana,Netherlands Antilles
540,Tanya,Wallace,hhenderson@example.org,83482 Evans Rest Apt. 939,Ronaldhaven,Iowa,Jersey
541,Travis,Gilbert,chris52@example.net,200 Danielle Trafficway Suite 500,Port Graceland,South Carolina,Togo
542,Christopher,Hamilton,williamward@example.com,6933 Cook Meadows,Edwardsport,North Dakota,Bolivia
543,Christopher,Goodman,fmartin@example.com,94772 Fuentes Groves,Nathanshire,Idaho,Lithuania
544,Brandon,Ramirez,samanthathomas@example.net,546 Daniel Field Apt. 001,Justinland,Nebraska,Timor-Leste
545,John,Rogers,dana09@example.com,8641 Robert Station,North Elizabeth,Minnesota,Falkland Islands (Malvinas)
546,Robert,Marks,calebmiller@example.net,50089 Jackson Crossing Suite 106,Lisamouth,Ohio,Netherlands
547,Ryan,Keller,qnash@example.com,6371 Kelly Roads,Marshallport,Nevada,Chad
548,Lee,Smith,kellermelissa@example.com,213 Edward Views Apt. 770,Gonzalesstad,Nevada,Nicaragua
549,Richard,Jackson,smithtiffany@example.org,7657 Ingram Groves Apt. 305,Sarahburgh,West Virginia,Ukraine
550,Paul,Fields,katherine40@example.com,312 Lyons View Apt. 769,East Kenneth,Massachusetts,Gibraltar
551,Luis,Burke,osbornecharles@example.org,2685 Martinez Squares Apt. 683,North Edwinton,Oregon,Malta
552,Amanda,Rogers,istein@example.com,50362 Jacobs Stravenue,New Ronaldville,Kentucky,Belize
553,David,Jones,mgarza@example.com,16317 Boyd Brook,Newmantown,Tennessee,Panama
554,Marcus,Butler,wilsonsteven@example.net,97280 Harmon Meadow Suite 562,Cameronfurt,New Jersey,Gabon
555,Jenny,Rowe,atkinssusan@example.org,42546 Bryant Road,Lake Kaylafort,Michigan,Reunion
556,Jonathan,Butler,abush@example.net,8645 Sarah Point Apt. 276,Murphymouth,Tennessee,Guyana
557,Janet,Arroyo,james33@example.com,455 Sanchez Gateway Suite 725,Griffinfort,Rhode Island,Bangladesh
558,Jessica,Wilson,jessicaberger@example.org,46476 Clark Mills Apt. 666,Martinshire,Florida,Anguilla
559,Jodi,Snyder,kayla26@example.net,0177 Stafford Lane,Smithmouth,California,French Southern Territories
560,Rebecca,Reed,tchoi@example.com,16484 Pham Corner,Loriside,New York,Peru
561,David,Zamora,fenglish@example.com,8971 Hood Pines Suite 458,Annaland,New York,Bahamas
562,Becky,Oconnor,brandon85@example.net,41614 Lara Brooks Apt. 837,Port Randybury,Washington,Niue
563,Andrew,Wong,ywright@example.com,1797 Harding Stravenue,New Austin,North Dakota,Nepal
564,Max,King,peter56@example.net,239 Griffith Rue,Friedmanchester,California,Gambia
565,Valerie,Lambert,edward48@example.com,69369 Yvette Center,East Derrickton,Nebraska,Martinique
566,Emma,Meyer,marycarter@example.org,250 Melanie Landing,Gilberttown,Pennsylvania,Guernsey
567,Jessica,Deleon,davismichael@example.net,145 Jorge Parkway,Kellyborough,Delaware,Mauritius
568,Blake,Dickerson,gregory54@example.org,59483 Sheri Center,Shelbyton,Minnesota,Brunei Darussalam
569,James,Davis,stephenowens@example.org,39623 Jamie Port Suite 183,West Christian,Alaska,Bahamas
570,Daniel,Savage,alexis92@example.com,57017 Amber Knoll,Donaldview,Arkansas,Palestinian Territory
571,Jonathan,Small,cynthiagolden@example.org,848 Hansen Wall,New Christopherburgh,South Dakota,Kiribati
572,Scott,Gibson,patricianewton@example.com,19197 Jacob Prairie Suite 833,Lake Emily,New Mexico,Zambia
573,Desiree,Fox,reginapena@example.net,7415 Donna Well,Ericmouth,Nebraska,Jordan
574,Jennifer,Edwards,drivers@example.net,1861 Hall Street,Nicoleberg,Indiana,Paraguay
575,Monique,Jacobs,angela67@example.com,379 Heather Gardens,Lauraview,Indiana,Belize
576,Diana,Christensen,ashley45@example.com,101 Walsh Throughway Suite 243,Port Susan,North Dakota,Norway
577,David,Franco,kelly20@example.org,834 Ball Tunnel,West Stanley,Texas,Burundi
578,Michael,Calderon,ricardogarcia@example.net,07166 Landry Island Suite 260,Simpsonton,New Jersey,Tunisia
579,Jessica,Lozano,stevenstanley@example.net,68529 Travis Station,Port Susan,Kentucky,United Kingdom
580,Diane,Mccarty,gonzalezdaisy@example.org,902 Fowler Plains,Watsonfurt,Virginia,Germany
581,James,Graves,erogers@example.org,37625 Brown Spurs Suite 907,Jasonland,Louisiana,Uzbekistan
582,Jane,Myers,kimberly53@example.org,4222 Hannah Mountains Apt. 654,East Sandrabury,Missouri,Algeria
583,Chelsea,Howard,mary17@example.org,537 Fields Mill Suite 799,Huntbury,Colorado,Pakistan
584,William,Donovan,cindymyers@example.net,578 Crystal Garden,Lake Paul,Idaho,Ireland
585,Tyler,Willis,murphyamy@example.com,2421 Patton Falls,Vincentfurt,Florida,Moldova
586,Michelle,Whitehead,ashleypreston@example.com,4218 Henderson Port Apt. 686,East Davidborough,Minnesota,Brunei Darussalam
587,Jessica,Bryant,bethanyrowland@example.com,32540 Mayer Trace,North Alisonmouth,Nebraska,Mauritania
588,Seth,Jordan,ljenkins@example.org,3433 Phillip Mount,Miguelchester,Illinois,India
589,Samantha,Oliver,michael83@example.org,1631 Walker Walk Apt. 165,Patrickfort,West Virginia,Bahamas
590,Carly,Dougherty,wrightrebecca@example.net,571 Johnson Passage Suite 396,Ryanburgh,New Mexico,Greenland
591,Belinda,Livingston,nicole51@example.net,3444 Patel Junction Suite 279,North Jeffreyfurt,Indiana,Liberia
592,Amanda,Nelson,uford@example.org,1756 Holly Ramp Apt. 581,Carolinemouth,Georgia,Belarus
593,Ashley,Townsend,brandon62@example.net,872 Christopher Spurs,Lake Dylanfurt,Mississippi,Uganda
594,Jeffrey,Collier,erichudson@example.org,0217 Joel Ferry Apt. 295,South Monicaside,Massachusetts,Svalbard & Jan Mayen Islands
595,Melissa,Russo,dcarson@example.com,448 Smith Greens,New Matthewview,Massachusetts,Gambia
596,Patricia,Alexander,patriciajackson@example.net,9727 Perez Forks,New Timothy,California,United States Virgin Islands
597,Mary,Cooper,williamsthomas@example.org,399 Mitchell Port Apt. 222,Kellyfurt,Idaho,Moldova
598,Edward,Davis,kparker@example.com,3458 Townsend Path Suite 933,Amyside,Minnesota,Swaziland
599,Gerald,Melendez,woodmichael@example.com,62898 Santos Creek Suite 621,Sarahton,Montana,Falkland Islands (Malvinas)
600,Patrick,Anderson,joshuasmith@example.org,79461 Melinda Trail,Brentville,New Hampshire,Saint Kitts and Nevis
601,Charles,Simon,jacobstuart@example.com,21584 Teresa Branch Suite 859,Gillespiestad,Alaska,Falkland Islands (Malvinas)
602,Matthew,Shaw,ocampbell@example.org,3492 Patricia Forge,New Sheenaville,New Jersey,Samoa
603,Danielle,Wagner,hhood@example.org,7024 Ruth Extension,South Vernonfort,Texas,North Macedonia
604,Blake,Scott,maryjones@example.org,514 Patricia Mill,Lake Alicia,Rhode Island,Holy See (Vatican City State)
605,Eric,Lowe,nicolerogers@example.org,4289 Michele Parks,Lake Stacey,Idaho,Gambia
606,Christopher,Valdez,christopherramirez@example.net,7463 Elizabeth Streets,West David,North Dakota,Timor-Leste
607,Melinda,Mitchell,aaron73@example.net,454 Vasquez Coves,Lake Julie,New Hampshire,Guyana
608,Andrea,Brock,kristin30@example.com,6221 White Loaf Suite 132,North Tanyamouth,Alaska,Svalbard & Jan Mayen Islands
609,Carolyn,Chapman,tina64@example.com,461 Angela Shoal,Obrienhaven,New Mexico,Lesotho
610,Lauren,Smith,laura43@example.org,539 Jacob Fork Apt. 051,Garciaberg,Alabama,Saint Martin
611,Daniel,Weber,michael95@example.net,76536 Owen Trail Apt. 024,Benjaminton,Idaho,Austria
612,Gail,Bowen,steven87@example.net,609 Potter Greens Suite 613,Ericburgh,Rhode Island,Turks and Caicos Islands
613,Bryan,Duncan,penabrent@example.com,001 Maria Flat Apt. 655,North Kayla,Massachusetts,Guatemala
614,Kenneth,Mclaughlin,daltonstephanie@example.org,24888 Scott Point,Lake Norman,Connecticut,Sudan
615,Charles,Hill,ihubbard@example.net,16965 Blackburn River,East Julia,New Jersey,Angola
616,Daniel,Mitchell,gwells@example.net,83413 Powers Springs,Port Gary,North Dakota,Bahamas
617,James,Newton,oliverrachel@example.org,7845 Fernando Island Suite 466,North Christine,Tennessee,Malta
618,Charles,Young,aprilchambers@example.com,010 Stokes Pass,East Keithfort,Maryland,Philippines
619,Michael,Chavez,caroline79@example.com,7077 Matthew Pass,New Christopher,Alaska,Czech Republic
620,Willie,Vasquez,dawn18@example.com,229 Christopher Fields Apt. 664,Stevenberg,Hawaii,South Georgia and the South Sandwich Islands
621,Tina,Jackson,payneerik@example.org,954 Shannon Forge Apt. 491,South Caseyshire,Nebraska,Lesotho
622,Samuel,Wilson,nicolebauer@example.org,155 Shawn Brook Apt. 481,Maymouth,Arizona,Kyrgyz Republic
623,Kimberly,Kelley,francobarbara@example.com,4522 Mcneil Mountain Suite 598,Jeffreytown,Oklahoma,Denmark
624,Jared,Wright,zgordon@example.net,91390 Johnson Loop,West Williamfurt,North Dakota,United States Virgin Islands
625,Heather,Rose,hmoore@example.com,2448 Faulkner Island,Lake Arthurfurt,Nevada,Guinea-Bissau
626,Rodney,Brady,jamesbaldwin@example.org,42579 Jonathan Station Apt. 588,Port Dustin,Colorado,Netherlands
627,Jo,Duran,davisbrian@example.net,72499 Julia Flats Suite 137,South Anthonystad,Wisconsin,Heard Island and McDonald Islands
628,Erin,Edwards,katherine61@example.org,372 Durham Falls,East Ericatown,Utah,Israel
629,Brittney,Nelson,julie53@example.com,2448 Michael Canyon Apt. 349,Grahamshire,Oklahoma,Botswana
630,Jessica,Hammond,ryan61@example.net,5604 Michael Plains,Michaelfort,Maine,South Georgia and the South Sandwich Islands
631,Jay,Mejia,melissasmith@example.net,30151 Stephen Rapid,East Keith,Tennessee,Germany
632,Mark,Guzman,john89@example.com,01921 Martinez Meadows,Port Jonathanbury,Wisconsin,Mayotte
633,Rebecca,Olsen,paul37@example.net,122 Erin Circle Apt. 305,Perkinsbury,Connecticut,Northern Mariana Islands
634,Alejandro,Scott,annaramos@example.net,13852 Combs Park Apt. 454,Williamsshire,California,Saint Martin
635,Jeffrey,Gaines,perezjohn@example.com,9231 Turner Points,Josephberg,Michigan,Monaco
636,Martin,Rivas,joshuamorris@example.com,882 Debra Oval,Port Ashley,Delaware,Jordan
637,Sandra,Brown,makaylawatson@example.net,79609 Russell Spring,Martinezview,North Dakota,Iraq
638,Tiffany,Crosby,jasonpeterson@example.com,3897 Mitchell Circles,East Janetview,Oregon,Tajikistan
639,Anthony,Gregory,kimberly78@example.com,3696 Farley Pike Apt. 708,Johnsonborough,Hawaii,Congo
640,Martin,Wilson,yburton@example.org,7800 Karla Crest,Archerbury,Tennessee,South Africa
641,Ronald,Hammond,lunathomas@example.org,757 Doyle Crossing,Benjaminport,Delaware,Kiribati
642,Debbie,Huynh,marie32@example.com,395 Christian Point,Susanburgh,Nebraska,Somalia
643,Matthew,Sanchez,jessicakaufman@example.net,57389 Fletcher Walk Apt. 336,Youngstad,Connecticut,Barbados
644,Luis,Nolan,josephyolanda@example.net,8007 Russell Run,East Colleen,Massachusetts,Montserrat
645,Cynthia,Stevenson,mark76@example.net,47305 Henry Curve,Steinbury,Nevada,Heard Island and McDonald Islands
646,Amy,Davis,davidford@example.net,60364 Watkins Passage Suite 003,Curtisville,Mississippi,Angola
647,Gabriel,Bond,ricky97@example.com,571 Castaneda Cove Apt. 655,Michaeltown,Alabama,Argentina
648,Linda,Watts,samuelwarren@example.org,72311 Dixon Dam Apt. 605,Dixonhaven,Arkansas,Sri Lanka
649,Monica,Hall,nancy77@example.net,648 Daniels Streets Apt. 973,Tammyborough,Alaska,Zimbabwe
650,Kelsey,Silva,fallen@example.org,788 Anderson Divide,Kellieside,South Carolina,Belgium
651,Michael,Burns,ucampbell@example.net,07316 Manning Turnpike Apt. 225,Nancystad,Kansas,Argentina
652,Debra,Carr,johnallen@example.net,286 Richards Parkway,East Valerie,Michigan,Saudi Arabia
653,Christopher,Pearson,david58@example.org,1620 Martin Parkway,Natalietown,Rhode Island,Kiribati
654,Laura,Mcintosh,cwilson@example.com,07540 Thompson Gardens,Port Jose,Rhode Island,Cyprus
655,Joshua,Cabrera,marquezbrenda@example.org,656 Wayne Courts Suite 574,Lisaberg,Arkansas,Nauru
656,Christina,Hurst,kristennicholson@example.org,6523 Melissa Coves Suite 920,Port Jennifer,Idaho,Yemen
657,Rebecca,Sanchez,meganallen@example.net,04819 Wheeler Isle Suite 891,Chelseachester,South Dakota,Palau
658,Paula,Johnson,figueroakatrina@example.net,414 Nicholas Drive Apt. 672,Steveberg,Florida,American Samoa
659,Tamara,Hernandez,idickerson@example.net,6360 Chen Glens Suite 342,East Meredithland,Missouri,Namibia
660,Jessica,Gilbert,jesushodges@example.net,42854 Colleen Ridges Apt. 699,North Anthony,Washington,Papua New Guinea
661,Samuel,Jones,karen47@example.net,74067 Johnson Mall,Leeville,Tennessee,Barbados
662,Jessica,Simpson,deniserogers@example.net,50170 Cole Cliff,Christinashire,Virginia,Iceland
663,Jamie,Chung,patrickpeters@example.org,0516 Zachary Viaduct,Garyberg,Pennsylvania,Kazakhstan
664,Melissa,Oconnell,abigail85@example.org,30072 Peterson Stravenue Apt. 687,New Melissa,Texas,Norway
665,Erin,Moore,david22@example.org,44643 Mullins Station Apt. 685,East Sydneyville,Delaware,Guinea-Bissau
666,Amanda,Padilla,jwoodward@example.com,472 Williams Lodge Apt. 647,New Jeanette,California,Pitcairn Islands
667,James,Cameron,logan96@example.org,528 Jacob Burgs Apt. 140,Port Randallmouth,Hawaii,Marshall Islands
668,Eric,Harrington,joel05@example.com,135 Michael Motorway Suite 267,Richardside,New Jersey,Namibia
669,Kathryn,Williams,pmiller@example.org,3088 Anderson Station Apt. 833,Russellshire,Florida,Congo
670,Eric,Byrd,ericsimmons@example.com,336 Adam Cape,East Hannahhaven,Iowa,Bahamas
671,Erica,Hodges,alvarezrandall@example.net,146 Brown Walk,Barnesside,Maryland,Turkmenistan
672,Jesus,Hayes,vasquezjacob@example.com,41435 Herrera Groves,Hoffmanfurt,Florida,Guernsey
673,Shannon,Knox,catherine74@example.com,904 Marshall Forge Suite 593,Carlychester,Ohio,Italy
674,Connie,Thomas,tamarafreeman@example.org,698 Brandy Mountain,West Davidton,Massachusetts,Gambia
675,Howard,Brown,margaretfisher@example.net,4903 Dawn Bypass Apt. 019,Johnport,Missouri,South Georgia and the South Sandwich Islands
676,Colleen,Salinas,christine88@example.net,688 Andrea Trail,Masseyview,Maryland,United States Minor Outlying Islands
677,Craig,Miller,annataylor@example.com,522 Linda Canyon Suite 652,Jenniferhaven,Indiana,United States Minor Outlying Islands
678,Christopher,Mayo,adamsedward@example.org,636 Jeremy Ramp Suite 214,Lake Michaelport,North Carolina,Dominica
679,David,Simmons,cartermark@example.org,34147 Porter Freeway,Richmondmouth,Washington,Paraguay
680,Tabitha,Watkins,todd67@example.org,939 Jacqueline Stravenue,New Adam,North Carolina,Taiwan
681,Antonio,Rice,adamschristine@example.org,294 Anderson Estates,West Jeremy,Missouri,United Arab Emirates
682,Jeanette,Huber,ericgates@example.org,3878 Kathleen Expressway,Cainchester,Arizona,Saint Pierre and Miquelon
683,Riley,Brown,lewispatricia@example.net,1348 Matthew Throughway Suite 045,New Kayleemouth,Delaware,Rwanda
684,Justin,Pham,jmccullough@example.com,9855 Waters Turnpike,Lake Stefaniemouth,North Dakota,Argentina
685,Erica,Ramirez,simmonschristopher@example.com,35763 Dana Corners,Freemantown,Colorado,Cambodia
686,Shawn,Stephens,thicks@example.net,081 Parker Shore Apt. 310,Port Mary,New Hampshire,Madagascar
687,Steven,Sims,ssmith@example.org,36293 James Haven,Lake Chad,Kansas,Solomon Islands
688,Carla,Collins,james67@example.com,76700 Courtney Mountain Suite 579,Huynhstad,Louisiana,Cayman Islands
689,Pamela,Wang,michael96@example.net,6910 Jones Forges,Hollandport,Alaska,Benin
690,Brittany,Clark,tonymason@example.com,70202 Rebecca Views,Ericatown,Tennessee,Saint Helena
691,Traci,Ray,contrerasvanessa@example.com,3595 Patrick Radial,North Heatherton,Mississippi,Faroe Islands
692,Anthony,Mcintosh,amberbrown@example.org,80089 Snow Summit Suite 652,Port Andreabury,New York,Mauritania
693,William,Beard,kelly51@example.net,618 Hinton Common,Tracyport,Pennsylvania,Maldives
694,Sierra,Gibson,julia80@example.org,74481 Keith Road Suite 426,Port Joshua,North Carolina,Isle of Man
695,Walter,Gillespie,james99@example.org,54137 David Burgs,West Yvonnetown,Arkansas,Lesotho
696,Laura,Duran,jon61@example.net,1793 Brown Groves,Langtown,Georgia,Kiribati
697,Daniel,Willis,showell@example.com,777 Rivas Springs,Theresaborough,Iowa,Estonia
698,Melissa,Ramirez,shawnpace@example.com,72703 Chung Pike Suite 669,Dustinview,Colorado,Saint Helena
699,John,Roberts,timhenry@example.net,9036 Stephanie Plains,Port Amy,Indiana,Chad
700,Deanna,Wallace,robertcummings@example.com,2485 Jonathan Green Apt. 372,South Bradleyton,Kansas,Uganda
701,Barbara,Jones,mark52@example.com,4683 Joseph Island,East Nicholaston,Maryland,Sudan
702,Mary,Gonzales,tonya46@example.com,9383 Michael Radial,Christineville,Mississippi,Iran
703,Jessica,Chase,andrea47@example.net,795 Howard Well Apt. 170,Kristyville,New Mexico,Korea
704,Joe,Allen,amanda87@example.net,66833 Timothy Green Suite 581,Lake Jacobfurt,Wyoming,Trinidad and Tobago
705,Ashley,Johnson,colemanelizabeth@example.com,28711 Chad Springs,South Andrew,California,Samoa
706,Gregory,Tucker,trevorgarcia@example.com,83270 Flynn Cove Apt. 147,East Donaldchester,South Dakota,Malaysia
707,Casey,Perry,dananunez@example.net,0280 Smith Gardens Suite 461,Karafort,Oregon,Guadeloupe
708,Kelly,Nelson,valerierobinson@example.net,9267 Matthew Pass Apt. 118,New Amymouth,New Jersey,Serbia
709,Eric,Moreno,tsteele@example.org,0487 Gomez Valley Suite 535,Ruiztown,Florida,Guam
710,Micheal,Lamb,richardmorse@example.net,7117 Wallace Heights,Lake Erin,New Mexico,French Polynesia
711,Tyler,House,maria16@example.net,77090 Gomez Lodge,East Carolyn,Nevada,Cocos (Keeling) Islands
712,Christina,Torres,christine48@example.org,642 Beasley Mountains Suite 276,New Jacqueline,Iowa,Madagascar
713,Michelle,Brown,theresabuckley@example.net,5851 Lawrence Lake Apt. 949,New Deborah,Vermont,Saint Martin
714,Lisa,Payne,qlong@example.com,3764 Caitlin Passage Apt. 966,Danieltown,Colorado,Namibia
715,Traci,Barker,wallsmark@example.org,801 Turner Tunnel Suite 804,Morseton,New Mexico,Solomon Islands
716,David,Wagner,roy18@example.net,63716 Kelly Plains Apt. 164,North Jessica,Colorado,Luxembourg
717,Alexander,Rivera,ofrank@example.com,12789 Billy Tunnel,East David,Oregon,San Marino
718,Patricia,Love,jmanning@example.com,91677 Emily Ways,North Autumn,Utah,Poland
719,John,Wise,cookpamela@example.com,3593 Williams Branch Suite 772,Beckerland,Louisiana,Sweden
720,Alexander,Sanchez,stephaniewagner@example.org,5143 Christine Ports Apt. 497,New Matthewview,Virginia,Liechtenstein
721,Paul,Goodwin,cynthiadickson@example.net,15665 Christensen Throughway,North Nicholasberg,Connecticut,Congo
722,James,Mcguire,mezakimberly@example.org,47749 Gordon Glens Apt. 559,Lake Kendrabury,Washington,Kuwait
723,Kathy,Lee,xwilliams@example.net,39236 Clark Junction Apt. 048,North Teresa,Maryland,Cameroon
724,Christian,Duncan,cassidyconley@example.com,674 Keith Turnpike Suite 116,Thomasport,Minnesota,Malawi
725,Eric,Brown,dylanwu@example.net,096 Beck Plaza,Josephstad,New Jersey,Italy
726,Travis,Velazquez,zdorsey@example.net,8186 Hamilton Green,New Alexander,Delaware,Azerbaijan
727,Caroline,Howard,michaeljones@example.com,482 Beth Center Apt. 530,Moralesville,Mississippi,Tajikistan
728,Teresa,Smith,brandonli@example.net,90559 Jennifer Throughway,Harrisfurt,Florida,Zambia
729,Denise,Jones,dannywoodard@example.org,9872 Bowman Vista,Lake David,Illinois,Nigeria
730,Katherine,Marshall,veronicabryant@example.org,980 Lane Mills,West Kevinmouth,California,Cameroon
731,Ryan,Hart,along@example.com,0912 Frost Fork,West Lori,Montana,Cayman Islands
732,Larry,Thompson,richard95@example.com,7339 Dunlap Plains,Crawfordhaven,West Virginia,Cyprus
733,Nicole,Nelson,david02@example.net,385 Smith Terrace Suite 753,Chelseatown,Missouri,Solomon Islands
734,Cesar,Giles,wesleycastillo@example.com,5399 Butler Cape Apt. 742,New Josephfurt,Iowa,Jamaica
735,Justin,Savage,williamseugene@example.org,240 Emily Mountain Suite 141,West Sueview,Mississippi,French Southern Territories
736,Derek,Miller,millerandrea@example.com,57738 Angelica Throughway Suite 814,Klineton,Hawaii,Guyana
737,Ariana,Hicks,jaredjohnson@example.net,324 Nichole Mountain,Christophertown,Indiana,Sudan
738,Amanda,Mckinney,michelleriggs@example.org,80085 Tucker Camp,Haleyberg,Maine,Mozambique
739,Jason,Lam,kevinshepard@example.org,4330 Sarah Flat Suite 774,Craigmouth,Kentucky,Singapore
740,Mathew,Garcia,shelia23@example.org,719 Mary Wells Apt. 004,Lake Glenville,Washington,Indonesia
741,Nicholas,Wall,samuel82@example.com,8435 Cherry Path Suite 780,West Ashley,South Carolina,Barbados
742,Cheryl,Davis,frank53@example.net,991 Erin Square Apt. 959,Port Thomas,Nebraska,Germany
743,Emily,Smith,fhawkins@example.net,888 Kimberly Meadow Suite 492,West Ronald,Michigan,Liberia
744,Virginia,Pugh,christina95@example.org,2445 Jones Track Apt. 446,Brianport,Arkansas,Afghanistan
745,Susan,Thomas,jasonhanna@example.net,101 Sarah Gardens,Lake Kendra,Illinois,Jersey
746,Matthew,Young,lpowell@example.net,28301 Kathryn Coves Suite 273,New Jamesstad,North Dakota,Cyprus
747,Ryan,Turner,dwilliams@example.com,9219 Stacey Junctions,Crawfordfort,Tennessee,Serbia
748,Mark,Jones,roberthunter@example.com,120 King Orchard,Michaelport,Kansas,Saint Lucia
749,Dylan,Gross,roger17@example.org,8264 Tracey Flat,Thomasfort,New York,Rwanda
750,Lisa,Rasmussen,parrishwhitney@example.org,454 Wilson Forest,Jonesburgh,Missouri,Guinea-Bissau
751,Jennifer,Henry,duane96@example.com,68408 Timothy Flat Apt. 318,Danieltown,Louisiana,Latvia
752,Paul,Johnston,bhernandez@example.org,631 Best Mission,Lake Wesleybury,Delaware,Madagascar
753,Jessica,Harris,xstewart@example.com,4656 Tiffany Park Suite 606,Port Ethan,Washington,Somalia
754,Lisa,Henderson,lisa44@example.org,178 Mcintyre Green Apt. 576,Martinburgh,Vermont,Honduras
755,Stephanie,Wright,ssmith@example.org,7996 Green Orchard,North Troyside,Minnesota,Tajikistan
756,Alejandro,Brown,alyssa47@example.com,7469 Mark Ranch Suite 775,North Christophertown,Kentucky,Belize
757,Jeffrey,Cox,taylor36@example.org,1847 Rebecca Island,Kirbyview,New Hampshire,Guyana
758,Kelly,Lee,josephcox@example.org,73769 Austin Underpass Suite 861,Robinland,Nevada,Saint Vincent and the Grenadines
759,Natalie,Small,susananderson@example.org,716 Julie Trafficway Apt. 591,Lopezburgh,Oregon,Zimbabwe
760,Jason,Cook,wilkersonmonica@example.net,279 Edward Ports,North Angela,Texas,Syrian Arab Republic
761,Natalie,Nguyen,robersonhannah@example.net,2549 Patricia Tunnel,North Donaldmouth,Alaska,Micronesia
762,Kim,Roberts,tylerrice@example.net,66823 Antonio Key,Darrellville,Nebraska,Netherlands
763,Jacob,Gill,lyonsgregory@example.org,61603 Mason Falls,Lake Jessica,Rhode Island,Singapore
764,Sherri,Day,patrickosborne@example.net,519 Mayer Harbor Suite 541,Reyesville,Montana,Mozambique
765,Eric,Long,jeremy95@example.org,5686 Christopher Drive,South Jeffrey,Utah,Ukraine
766,Ryan,Wong,robertabrennan@example.net,7986 Michael Plains Apt. 890,Lake Seanstad,Louisiana,Barbados
767,Amber,Santiago,ramoscatherine@example.net,62696 Richard Brooks Apt. 444,Lake Nancyberg,Indiana,Faroe Islands
768,Terri,Solis,williamsbianca@example.net,75110 Kenneth Plaza,South Michaelburgh,North Dakota,Guadeloupe
769,Susan,Ferguson,doylekathryn@example.net,18969 Wilson Island,Port Charles,Georgia,Singapore
770,Michelle,Grant,katiewilliams@example.com,231 Michael Crossing,Brendaland,Colorado,Armenia
771,Tiffany,Berry,barrondebra@example.org,8511 Lee Garden Suite 639,Valerieton,Nevada,Algeria
772,Dawn,Marsh,atkinsonjeremy@example.com,01316 Green Inlet,North Joshuaside,Vermont,Malta
773,Melanie,Hall,garzaadrian@example.com,221 Brenda Row,Lake Jessica,Hawaii,Germany
774,Kevin,Kennedy,webertimothy@example.net,850 Vickie Falls Apt. 069,Alyssaburgh,New Mexico,Norfolk Island
775,Brian,Scott,vwatts@example.net,558 Christian Pine,Hinesberg,Kentucky,Sweden
776,Kevin,Thompson,wrightrichard@example.com,2468 Brian Garden,Carrilloside,Virginia,Svalbard & Jan Mayen Islands
777,Renee,Thompson,james77@example.net,002 Hart Station Suite 643,North Brandonville,South Dakota,Malta
778,Lisa,Robinson,michael67@example.org,5120 Lane Streets,South Jamesfort,Iowa,Italy
779,Nicole,Robinson,greensophia@example.com,70171 Brown Island,Lake Danielfort,Louisiana,Pitcairn Islands
780,Whitney,Novak,thomas62@example.com,919 Miller Mills Apt. 868,Bakershire,Maryland,Brazil
781,Michael,Carlson,yolanda90@example.org,8120 Jose Alley Suite 572,West Kennethstad,Delaware,Kyrgyz Republic
782,Don,Zuniga,patelmelanie@example.com,66200 George Prairie,East Julie,Alaska,Jersey
783,Robert,Marshall,eric43@example.org,99978 Nicholas Meadows Suite 434,Kleinfurt,Vermont,Haiti
784,April,Green,nealdawn@example.net,75509 Berry Park Suite 130,North Davidburgh,Tennessee,Ireland
785,Paul,Clark,ifrye@example.com,05608 Cervantes Union Suite 150,Holmesfort,New Hampshire,Papua New Guinea
786,Michele,Bush,alvaradogeorge@example.com,914 Molly Inlet Apt. 954,Patriciatown,Wyoming,Morocco
787,Christopher,Hale,amurphy@example.org,601 Chad Motorway,Port Sabrinaborough,California,Isle of Man
788,Laura,Nolan,iritter@example.net,627 Linda Lake,Ashleyfort,Utah,Cape Verde
789,Michael,Flores,josephpatton@example.org,736 Munoz Fall Suite 579,Yoderville,Maryland,Tuvalu
790,Michelle,Nelson,ballardkenneth@example.org,26206 Dunn Centers Apt. 119,Campbellberg,Arizona,Romania
791,Heather,Simpson,beverlyphelps@example.net,967 Amber Canyon,North Scott,North Dakota,San Marino
792,Mary,Moore,dunngabriel@example.com,37694 Victoria Parkways Apt. 025,Hortonmouth,Kansas,Christmas Island
793,Stephanie,Gould,kenneth19@example.org,8914 Danielle Locks Apt. 296,Port Stephenland,Alaska,Morocco
794,Craig,Gregory,jonathonlin@example.net,74496 Olson Tunnel Suite 266,Moralesmouth,Maryland,Korea
795,Brianna,White,owright@example.com,071 Bailey Ford Suite 878,New Samantha,Hawaii,Central African Republic
796,Kathleen,Small,nmorris@example.com,639 Fletcher Rue Apt. 995,Andrewmouth,New York,Algeria
797,Michael,Carter,lauren78@example.com,51455 Kenneth Loop,Jamesburgh,Colorado,Tanzania
798,Richard,Shepard,reyeskimberly@example.net,8694 Alan Trace,North Timothy,Idaho,Suriname
799,Jeremy,Blair,thomas54@example.com,8478 Jones Plain Suite 728,East Jasonmouth,South Dakota,Holy See (Vatican City State)
800,Michael,Bradley,shawnjohnson@example.net,818 Peter Road,Port Travismouth,Texas,Qatar
801,Arthur,Ritter,brownrachel@example.net,366 Brown Corners Suite 760,New Chase,Delaware,South Africa
802,Emily,Watkins,alan97@example.org,8823 Molina Divide,North Robertfurt,Arkansas,Papua New Guinea
803,Mackenzie,Fernandez,christophertapia@example.net,20324 Stokes Landing,Eugenestad,South Dakota,Portugal
804,Jessica,Taylor,kennethperez@example.com,37032 Angela Gateway,Perezville,Vermont,Guinea-Bissau
805,Heather,Fuller,hudsonlevi@example.com,0304 Kimberly Shoals,Mcdonaldville,Texas,Saint Helena
806,Deborah,Roberts,lrogers@example.com,0799 Lynch Station,Timothyville,Virginia,Pitcairn Islands
807,Bailey,Duarte,rjackson@example.org,91704 Raymond Centers Suite 281,New Dave,North Dakota,Burundi
808,Aaron,Madden,fstout@example.org,511 Lopez Crossing Apt. 508,South Tom,Iowa,Cook Islands
809,William,Hayden,washingtontyler@example.net,2672 Brad View Suite 934,Timothyburgh,Alaska,Turks and Caicos Islands
810,David,Smith,cgilmore@example.org,90268 Leblanc Isle,Veronicafurt,Oregon,Tanzania
811,Angela,Henry,bradshawdevon@example.com,4091 Ellen Point Suite 027,West Joshua,New Jersey,Turkmenistan
812,Ronald,Grant,greenmelissa@example.org,28817 Carrie Canyon,Lake Randy,Pennsylvania,New Zealand
813,Jessica,Miller,angela28@example.com,42430 Veronica Junctions Suite 402,North Caitlinport,Colorado,Niger
814,Jeremy,Lara,kelly80@example.org,01285 Joe Canyon,Bartlettborough,Utah,Lesotho
815,Kimberly,Salinas,donaldbolton@example.org,996 Lauren Plains Suite 133,Danielshire,Alabama,Mexico
816,Lisa,Adams,jessemartin@example.com,76221 Rodriguez Bypass Apt. 362,North Joel,Virginia,New Zealand
817,Sara,Barry,larryrice@example.com,22358 Brittany Prairie Suite 911,West Sarahbury,Colorado,Lao People's Democratic Republic
818,Jason,Davis,mercedesmurillo@example.net,8173 Robert Prairie,Cherylton,Wisconsin,Taiwan
819,Christopher,Chambers,sheadonna@example.com,0745 Nguyen Oval Apt. 915,Jasonhaven,Iowa,French Guiana
820,Chris,Brady,kwilson@example.net,069 Jones Mill,Mullinsmouth,New Hampshire,Paraguay
821,Jamie,Meyer,pruittgary@example.com,444 Mooney Ford Suite 858,Joshuaborough,Oregon,Chad
822,Bradley,Garcia,davisthomas@example.org,4290 Mccullough Prairie,New Joshuaville,Maryland,Venezuela
823,Beth,Donaldson,andrew97@example.org,52414 Michelle Isle Apt. 810,Lake Jonathanstad,Arizona,Korea
824,Jennifer,Moreno,crobertson@example.com,2739 Gary Shoal Suite 316,Mooreview,Texas,Palau
825,Nicole,Munoz,smithjohn@example.com,95172 Wood Trail,Scottberg,Nevada,China
826,Dylan,Roy,jessica39@example.com,89475 Maxwell Dam Suite 494,East Robin,Washington,Mexico
827,William,Tucker,huynhstephanie@example.net,8363 Tara Pines,Stephaniefurt,Wyoming,Trinidad and Tobago
828,Jennifer,Clark,karla07@example.com,566 Michael Locks,North Anna,Oregon,China
829,Alexis,Bell,dperez@example.net,013 Mary Rue,Heatherland,Oregon,Namibia
830,Kimberly,Escobar,royross@example.org,640 Christopher Land,West Jennifermouth,California,Antigua and Barbuda
831,Monica,Walters,benjamin99@example.org,9819 Bernard Rapids,Lake Craig,Minnesota,Niue
832,Leah,Stanley,luishall@example.com,64589 Laura Ways,West Lauramouth,Arkansas,Zambia
833,Michael,Nichols,silvasavannah@example.net,033 Fields View Apt. 684,Garciaton,Missouri,Seychelles
834,Kayla,Watson,thomasmcdonald@example.org,6497 Joel Common,Port Melissa,Wyoming,Nicaragua
835,Jeffrey,Mitchell,cunninghamtyler@example.org,8175 Curtis Knolls,East Walter,Nebraska,Uzbekistan
836,Bianca,Greene,josephhernandez@example.org,5532 Olson Prairie Suite 113,Lewismouth,Kentucky,Bolivia
837,Brenda,Hoffman,davidyu@example.net,1879 Thompson Locks,South Alexandramouth,Maryland,Macao
838,Bryce,Haley,elizabeth78@example.org,45232 Moore Bridge,Nelsonmouth,Florida,Bermuda
839,Brett,Bernard,allenisaiah@example.net,027 Kaufman Street,Mcdonaldborough,Maryland,Cook Islands
840,Christopher,Thomas,dianahall@example.com,0713 Kurt Springs Suite 200,Josephmouth,Georgia,Swaziland
841,Jennifer,Vasquez,imartin@example.com,99433 Alex Rapids,New Johnberg,Texas,Tonga
842,Robert,Lang,mitchellstacy@example.org,957 Eric Inlet,New Michelle,North Carolina,Northern Mariana Islands
843,Allison,Hines,franciscoswanson@example.net,798 Jeffrey Trail,Joseberg,Michigan,Maldives
844,Christopher,Stephens,awatts@example.com,7482 Chambers Crescent,Angelashire,Maryland,Saint Barthelemy
845,Cheryl,Orr,nicholashurst@example.org,182 Hays Plain Suite 110,Sullivanview,West Virginia,Guinea
846,Kelsey,Wood,shanerodriguez@example.net,72591 Davila Mission Apt. 150,Harrisville,Alabama,Guyana
847,Ray,Woods,burnettdavid@example.org,05148 Lisa Roads Apt. 358,Nicholasside,Virginia,Latvia
848,Jill,Richardson,kjohnson@example.net,10935 Harris Route,Jenniferberg,New Jersey,Peru
849,Carrie,Vega,ctate@example.com,333 Julia Inlet,East Staciechester,Hawaii,El Salvador
850,John,Carson,brenda45@example.com,3420 Cortez Groves,Bonillaland,West Virginia,Lithuania
851,Ryan,Lamb,beverly73@example.com,1129 Pitts Prairie Suite 699,Brandifort,Alabama,Saint Barthelemy
852,Carol,Brown,tphelps@example.org,29883 Stewart Forest Suite 904,Scottberg,Hawaii,Faroe Islands
853,Jennifer,Vance,lopezleslie@example.net,49287 Smith Ramp Apt. 326,Perryshire,Iowa,Pakistan
854,Jennifer,Nicholson,nathan79@example.com,2686 Gary Mills,Lake Michaelmouth,North Carolina,Iraq
855,Mark,Riddle,harrisjacqueline@example.net,058 Carroll Village,Sanchezborough,West Virginia,Dominican Republic
856,Charles,Rice,cindy89@example.org,1698 Cameron Fall,Lake Justinport,Vermont,Kiribati
857,Amber,Hurst,ericksonluis@example.com,495 Robinson Street,Deborahbury,West Virginia,Central African Republic
858,Scott,Coleman,allisonperez@example.com,406 Diane Place Apt. 185,Johnnymouth,Pennsylvania,Iceland
859,Ronald,Hayes,uwalker@example.net,79269 Mercer Drives Suite 175,East Davidmouth,Kansas,Argentina
860,Christopher,Reyes,carlos78@example.net,2293 Willis Estates Apt. 792,New Jeremyfurt,Nebraska,Egypt
861,Sonya,Taylor,williamwilson@example.net,88718 Breanna Point Suite 294,Oliviashire,Wyoming,Serbia
862,Cody,Mccarty,rhodges@example.org,5057 Jones Light Apt. 601,Evanton,Arkansas,Tajikistan
863,Michelle,Taylor,anna49@example.org,74665 Carter Rest,Charlesstad,Michigan,Puerto Rico
864,Christine,Reed,xholmes@example.net,99893 Navarro Land,Andreaview,Georgia,Congo
865,Joshua,Davis,ritterjacqueline@example.org,74454 Kevin Terrace Apt. 287,Catherinebury,Idaho,Liberia
866,Michael,Stewart,shellylivingston@example.net,21314 Flores Mills,Port Jason,Wisconsin,Guinea
867,Rachel,Petersen,ymaxwell@example.com,9902 Catherine Throughway Suite 638,West Mary,Texas,Mauritania
868,Charles,Jacobs,john05@example.com,61006 Jackson View Suite 788,Meadowsport,Georgia,Tokelau
869,Anne,Mosley,gary61@example.com,92618 Kaiser Port,North Karen,Florida,Lebanon
870,Jeffrey,Landry,pbell@example.net,88958 Mcintosh Freeway Apt. 913,Lake Patrickberg,Washington,Reunion
871,Tara,Paul,millercaitlin@example.org,45551 Ronnie Parkway Apt. 837,Port Laurenberg,Kentucky,Eritrea
872,Julia,Davis,thahn@example.org,9745 Hernandez Shores,Kimberlyfort,Kentucky,Liberia
873,Matthew,Flores,taylorsabrina@example.net,8507 Christopher Glen Suite 732,Port Robinbury,Illinois,Denmark
874,Carolyn,Marquez,denisecook@example.net,608 Thomas Square,Colinfurt,Michigan,Barbados
875,Scott,Stone,cody72@example.com,246 Kane Harbors Suite 905,West Benjaminmouth,Maine,Canada
876,William,Miller,krichards@example.net,718 William Garden Apt. 889,New Jodiview,Illinois,Martinique
877,Dylan,Howard,garciadeborah@example.org,73191 Holly Keys Apt. 568,Rachelbury,Kansas,Gambia
878,Lori,Bryan,mejiachristopher@example.net,8477 Morton Gardens Apt. 508,Aaronshire,Maine,Serbia
879,Travis,Garner,riverajohn@example.com,789 Lisa Center,Karinaburgh,Washington,Marshall Islands
880,Laura,Flores,kimdavid@example.net,63094 Saunders Springs,Port Dennistown,Idaho,Korea
881,Karina,Wilson,charlesadams@example.com,87140 Oneal Coves,Port Richardchester,Kentucky,French Polynesia
882,Lisa,Stone,claudiadixon@example.org,325 Bradley Avenue Apt. 264,Kristiport,Arizona,United States Virgin Islands
883,Kaylee,Montes,robert18@example.net,660 Casey Ports Suite 843,Thompsonmouth,Hawaii,Tanzania
884,Phillip,Reynolds,taylorandrew@example.com,9413 Gutierrez Burg,Andrewsborough,California,Haiti
885,Elizabeth,Baldwin,mark27@example.net,62178 Alexis Roads Suite 772,New Laurentown,Rhode Island,Chad
886,Tara,Scott,browndaniel@example.com,118 Nathaniel Field Apt. 224,Brendaberg,Maryland,Dominican Republic
887,Cory,Lozano,davidbarry@example.org,5461 Karen Dam,Davidland,New Mexico,Ireland
888,Steven,Mejia,vgreer@example.net,20106 Steven Ways,Ryanside,Vermont,Benin
889,Andrew,Guerrero,elizabethburns@example.net,5405 Phillips Crossing,New Maria,Idaho,Guatemala
890,Sarah,Hurst,mmoore@example.com,9937 Ashley Via,West Rebecca,New Hampshire,Cape Verde
891,Anthony,Wells,jacksonbrenda@example.org,79555 Richard Harbors Suite 466,Port Charlesborough,Washington,Marshall Islands
892,Scott,Hardin,robertmoore@example.com,8534 Jimmy Ridge Suite 310,New Anthonyville,South Dakota,Swaziland
893,Jennifer,Pratt,donaldlawson@example.net,809 Savage Route Apt. 197,Sloanbury,Texas,Western Sahara
894,Madeline,King,buckrachel@example.net,83404 Thompson Track Apt. 034,New Cheyennemouth,Washington,Zimbabwe
895,Jill,Torres,darrell50@example.com,59173 Beck Roads Suite 988,Carrieside,Missouri,United Kingdom
896,Jason,Martin,hannahdodson@example.net,729 Bowman Neck Apt. 524,Lawsonside,Pennsylvania,Saint Pierre and Miquelon
897,Kenneth,Baxter,jbooker@example.org,60989 Alvarez Meadow,Carrieland,Wyoming,El Salvador
898,Rebecca,Alexander,watsontammy@example.net,143 Robert Street Suite 463,Stonetown,Ohio,United States Minor Outlying Islands
899,Brandi,Wiggins,ppatrick@example.com,775 Rojas Manors,Donaldstad,Nebraska,Syrian Arab Republic
900,Carolyn,Krause,gloverdeborah@example.net,07081 Cory Creek Apt. 784,North Zoeberg,Delaware,Svalbard & Jan Mayen Islands
901,Alison,Wu,hoffmandavid@example.com,18573 Christina Fords,Hutchinsonville,Illinois,Cote d'Ivoire
902,Teresa,Benton,kellyanthony@example.net,1206 Rodriguez Meadow Apt. 195,Johnsonburgh,Arizona,Mozambique
903,Aimee,Cruz,hbowman@example.net,692 Richards Islands Apt. 954,Michaelland,South Dakota,Croatia
904,Kimberly,Stewart,william50@example.com,217 Larson Field,South Jennifer,Arizona,Paraguay
905,Cynthia,Mcfarland,lindathompson@example.com,69691 Martinez Dale,Beckerport,California,Niger
906,Amanda,Yang,toddbrown@example.org,0282 James Gardens,West Jenniferhaven,New Mexico,Azerbaijan
907,Julia,Lyons,myersjennifer@example.net,2108 Ricky Rapid,Kellybury,Michigan,Egypt
908,Crystal,Williams,randy99@example.net,0643 Evans Key Suite 793,North Melinda,Colorado,Central African Republic
909,Sara,Price,speterson@example.org,82232 Cynthia Lakes Suite 452,Jeffreytown,Utah,Colombia
910,Monica,Patrick,roweedward@example.net,05437 Baird Oval,West Yvonne,Oregon,Mexico
911,Julian,Kim,smithmargaret@example.org,919 Singh Road,New Barbara,Arkansas,Indonesia
912,Ryan,Daniels,aguirrecolleen@example.com,88858 Wright Circle,East Robert,Kentucky,Guinea-Bissau
913,Jackson,Aguilar,ryan52@example.com,4041 Kimberly Walks Suite 060,Silvaville,Kansas,Saint Martin
914,Joanna,Perez,lmiller@example.com,4791 Hughes Brook,Jessicabury,Colorado,Cuba
915,Sarah,Ramsey,barnesdanielle@example.org,732 West Ramp Suite 878,North Terri,North Dakota,Estonia
916,Charles,Vargas,mary55@example.org,60488 Howard Spur Suite 607,Benjaminborough,Vermont,Azerbaijan
917,Michael,Mcguire,michaelchapman@example.org,253 Collins Glen,West Gabriel,West Virginia,Lithuania
918,Katrina,Allen,littlekevin@example.com,8958 Martin Divide,North Joelton,Arizona,Namibia
919,Jennifer,Pugh,joseph69@example.com,10577 Davis Vista Suite 523,East Devonville,Vermont,Guernsey
920,Jonathan,Thompson,palmerjessica@example.com,910 Maria Fort Apt. 612,Benjaminfort,Montana,Cape Verde
921,Wanda,Moore,padams@example.org,35935 Ashlee Shore,Port Julie,Oregon,Guam
922,Michael,Merritt,xallen@example.com,172 Miller Lakes,South Jessicaborough,Oklahoma,Gambia
923,Michael,Richardson,kennedynicholas@example.net,3852 King Via Suite 105,Drakeside,Delaware,Tanzania
924,Richard,Jones,sarahirwin@example.net,7886 Maria Fort,Dominicview,Texas,Argentina
925,Alexandria,Love,kimberly97@example.com,092 Simpson Island Suite 689,North Robinside,Tennessee,Hungary
926,Scott,Shaw,hintonbrian@example.org,01995 Strickland Passage,Johnsonside,Wisconsin,Cayman Islands
927,Michael,Martin,harrisjared@example.net,313 Graves Mews Apt. 903,Gonzalezland,North Carolina,Marshall Islands
928,Adrian,Kirby,sarah08@example.com,4927 Hernandez Mountains Suite 005,Teresaton,North Carolina,Togo
929,Brian,Brooks,coxashley@example.com,39558 Maria Oval Suite 562,North Patrick,Kentucky,Lao People's Democratic Republic
930,Melinda,Roberson,millspeggy@example.com,6103 Gonzalez Turnpike Apt. 434,North Daniel,Alabama,Costa Rica
931,David,Smith,nkirby@example.net,682 David Heights,Wilsonstad,Missouri,Nigeria
932,Adam,Cole,jeremyhanson@example.net,0106 Bowman Points Suite 584,East Devinborough,Minnesota,Niue
933,Lindsey,Harris,wpatterson@example.org,668 Salinas Canyon,North Shelbychester,Nebraska,New Caledonia
934,Michael,Green,devin73@example.net,077 Alicia Glen Apt. 904,Blairhaven,Louisiana,United States Minor Outlying Islands
935,Kelly,Yates,orice@example.org,110 Watson Land Apt. 776,Erikabury,New Hampshire,Russian Federation
936,Craig,Young,margaret76@example.org,7198 John Street Apt. 852,Port Shannonberg,Missouri,Bulgaria
937,Melinda,Cox,andrea80@example.org,4084 Gonzales Curve,Lake Benjaminstad,Hawaii,Sweden
938,Daniel,Solomon,robertfernandez@example.org,1367 Derrick Garden Apt. 540,Hernandezburgh,Maryland,American Samoa
939,Donna,Smith,amy28@example.net,6874 Howard Knolls,Longshire,Texas,Belize
940,Jennifer,Li,mary56@example.net,73742 Morgan Mill Apt. 901,West Charles,New Jersey,Wallis and Futuna
941,Tyler,Cowan,caitlinjohns@example.com,7056 Howard Junction Suite 434,Hollowayhaven,Kentucky,Comoros
942,Travis,Barnes,wellsjohn@example.org,58257 Herring Station,South Anthony,Utah,Greece
943,Ashley,Phillips,bakercassandra@example.com,6223 Jason Camp,New Penny,New York,Costa Rica
944,Bobby,Perez,robin53@example.org,191 Nelson Cliff Suite 752,Lake Paul,Alaska,Kenya
945,Sara,Green,fmoore@example.org,8176 Jonathan Plaza Suite 159,North Kristinborough,Kentucky,Uganda
946,Whitney,Davies,chavezmichael@example.net,4123 Phillips Groves Suite 143,Susanfort,Maryland,Saint Vincent and the Grenadines
947,Sharon,Hobbs,lkelly@example.net,6145 Kimberly Mission,Lake Ambertown,Idaho,Timor-Leste
948,Alicia,Thompson,jgardner@example.org,1977 Miller Turnpike,East Michelleview,Hawaii,Lithuania
949,Kevin,Cline,stephaniepope@example.com,543 Larry Avenue Apt. 110,West Toddstad,Wisconsin,Korea
950,Diana,Austin,janeperkins@example.org,1193 Frank Place,Port Samanthatown,Utah,United Arab Emirates
951,Brent,Porter,marymyers@example.org,82228 Gina Glen Apt. 452,East Andreaborough,Mississippi,Turks and Caicos Islands
952,Nicole,Thompson,fclark@example.org,39247 Richardson Neck Suite 885,Daymouth,New Mexico,Latvia
953,Mario,Novak,gordonjulia@example.net,42254 Simpson Flats,Lake Kimberly,Arizona,Vanuatu
954,Gerald,Pineda,priceapril@example.org,8793 Smith Center Suite 418,Markborough,Nevada,Cayman Islands
955,April,Sullivan,thomasrichardson@example.org,94970 Gallagher Turnpike Apt. 422,North Bruce,Alabama,Turkmenistan
956,Jessica,Henderson,angelapeters@example.com,239 David Light,South Ralph,Washington,Ireland
957,Larry,Jones,justinbutler@example.org,387 Clark Ridges,Torresberg,Wyoming,Guinea-Bissau
958,Charles,Baxter,robert79@example.org,521 Alexis Stravenue,Sloanmouth,Kansas,Turkmenistan
959,Kimberly,Martin,robertlarson@example.net,496 Yoder Rapid,North Michael,New Mexico,Palau
960,Carrie,Howard,shepherdrachel@example.net,5916 Chad Parkway Apt. 580,South Morganfort,Maine,Bangladesh
961,Kyle,Sampson,ymathews@example.com,140 James Terrace Suite 920,Lake Lisa,North Dakota,Congo
962,Kyle,Kidd,gfritz@example.org,7993 Robert Landing,Rickeyburgh,Tennessee,Gibraltar
963,Michael,Berg,michaela36@example.org,640 Tamara Heights,New Melanie,Connecticut,Ecuador
964,Paul,Jackson,katrinajones@example.org,67452 Holly Fords,Washingtonmouth,Maryland,Rwanda
965,Austin,Carroll,tracyrodriguez@example.net,03433 Steven Locks Suite 998,Warrenmouth,Delaware,Mayotte
966,Kimberly,George,jamessophia@example.org,9039 Tracy Expressway,Lake Carol,California,Sudan
967,Tracy,Williams,kurt59@example.com,074 Juarez Gateway Suite 377,Joneshaven,Minnesota,Saint Helena
968,Bradley,Franklin,tmcconnell@example.org,099 Samuel Oval,Melissaview,North Dakota,Congo
969,Dawn,Stevenson,uruiz@example.org,8856 Hall Plains Apt. 985,Lake Josephton,Hawaii,Korea
970,Kristen,Brown,ncabrera@example.com,642 Poole Lock,Leemouth,Montana,Kiribati
971,Mallory,Harris,anthonyhenson@example.net,88377 William Forges Suite 170,South Michelleborough,Montana,Palestinian Territory
972,Katelyn,Ashley,ogarcia@example.com,5157 Morales Highway Apt. 168,Port Elizabethton,Idaho,British Indian Ocean Territory (Chagos Archipelago)
973,Micheal,Gonzalez,lisahogan@example.com,06766 Williams Keys,South Gary,Arizona,Peru
974,Dale,Contreras,gonzalesmark@example.com,3843 Jennifer Grove,Port Melanieshire,Rhode Island,Slovenia
975,Ryan,Preston,wthompson@example.org,8506 Maria Mill,Jeremymouth,Louisiana,Turkey
976,Yesenia,Calhoun,andrea47@example.net,90537 Amber Lake Apt. 972,East Aprilbury,Georgia,Korea
977,Belinda,Mitchell,bbond@example.org,167 Parker Island Apt. 802,Juliaside,Maryland,Faroe Islands
978,Michael,Jenkins,anelson@example.org,272 Schultz Rest Suite 357,Hallside,Maryland,Saint Helena
979,Jo,Fisher,wagnerkristina@example.org,1542 Brown Road Suite 164,Katieburgh,Florida,Austria
980,Rhonda,Williams,joseporter@example.net,467 Hernandez Land,South Allisontown,Tennessee,Cameroon
981,Brian,Richardson,morseerin@example.net,0486 Rodriguez Hollow,Gonzalezfurt,Tennessee,United Arab Emirates
982,Christine,Reese,stevenanderson@example.com,11578 Curtis Harbor Suite 376,Port Timothystad,Tennessee,Yemen
983,Jonathan,Owens,swansonkaitlin@example.net,231 Christopher Isle Suite 895,West Davidland,Alabama,Senegal
984,Nathaniel,Hunter,welchmelanie@example.org,5314 Shelton Parks,Johnborough,Massachusetts,French Southern Territories
985,Erin,Holland,brian57@example.net,571 Richard Lodge Apt. 462,Hicksshire,Connecticut,Zimbabwe
986,Lisa,Thompson,courtney97@example.net,32563 Hannah Trace,West Jessicafurt,Vermont,Tajikistan
987,Megan,Johnson,loconnor@example.org,24595 David Inlet,Arianaview,Washington,Jordan
988,Samantha,Anderson,tmendoza@example.net,00569 Sandra Lodge Apt. 529,Carterfurt,Idaho,Mexico
989,Tiffany,Cooley,fleminggregory@example.net,642 Johnson Circle Suite 189,Jaimeland,Colorado,Sudan
990,Cameron,Goodwin,tfranklin@example.org,04814 Yates Landing Apt. 714,Bernardland,Florida,Isle of Man
991,Michael,Edwards,moorebenjamin@example.com,786 Edward Tunnel Apt. 128,East Nicholas,Iowa,Mozambique
992,Cheryl,Hayes,bennettdana@example.org,579 Jones Tunnel Apt. 073,Cynthiaberg,Arizona,Martinique
993,Lisa,Horton,cynthiaheath@example.net,3265 Angelica Harbors Suite 760,Donnaberg,Minnesota,Grenada
994,Brian,Ray,mccormickjennifer@example.net,7547 Hunter Lights,Greenchester,Vermont,Switzerland
995,Calvin,Booth,amycollins@example.org,73052 Glenn Alley,Melissahaven,Massachusetts,Turkmenistan
996,Brandon,Williams,garciachristine@example.net,66542 Paul Valleys,South Jasmineberg,Maryland,Netherlands
997,Jamie,Robles,jherrera@example.org,9147 Turner Route Suite 830,East Jacobfort,New Mexico,Botswana
998,Paige,Henderson,dianegarcia@example.org,82164 Kenneth Meadow Apt. 347,New Donaldborough,New Hampshire,Singapore
999,Nicole,Pierce,jeffreyhudson@example.org,784 Maria Well Apt. 982,Christopherland,Georgia,Botswana
